CustomerId,CreditScore,Tenure,NumOfProducts,HasCrCard,IsActiveMember,Exited
15670889,528,1,1,1,1,0
15629299,546,1,1,1,1,1
15771569,576,4,1,1,1,0
15811927,733,3,1,0,0,0
15785654,727,6,2,1,1,1
15665524,605,5,1,0,0,0
15736287,586,9,1,1,0,0
15765732,564,6,1,1,1,0
15797381,593,3,2,1,1,1
15598536,736,0,1,0,1,0
15664506,675,8,1,1,1,0
15575619,656,1,1,1,1,0
15587394,462,4,2,0,0,0
15654457,685,2,3,1,1,1
15762793,850,0,2,1,1,0
15658067,636,3,1,1,0,1
15642816,850,7,2,1,1,0
15693088,628,9,2,1,1,0
15793883,798,3,2,1,0,0
15665283,610,7,4,0,1,1
15680421,591,10,2,0,0,0
15695148,614,9,2,1,1,0
15636592,651,0,2,0,1,1
15772618,665,7,1,0,1,0
15724453,570,2,1,0,0,0
15565878,631,3,2,1,1,0
15609160,586,1,2,0,0,0
15678460,691,9,1,1,0,0
15662571,639,8,2,1,0,0
15606849,698,1,1,1,1,0
15670738,733,2,2,1,0,0
15662641,850,8,1,1,1,0
15727539,618,4,2,1,0,0
15651020,473,6,2,0,0,0
15673877,490,1,3,1,0,1
15760865,754,7,1,1,0,1
15705009,649,8,1,1,0,1
15657540,578,5,2,1,0,0
15707441,690,8,1,1,1,0
15694765,610,6,1,1,0,1
15649086,596,7,2,1,1,0
15650488,492,6,1,1,1,1
15760924,575,2,1,0,0,0
15700263,569,2,1,1,0,1
15806922,674,4,1,1,1,0
15637522,507,0,1,0,1,0
15636548,457,7,2,0,0,0
15566891,584,3,1,1,0,0
15627185,744,6,2,1,0,0
15754012,687,1,2,1,1,0
15627514,688,3,2,0,1,0
15661433,519,5,1,1,0,0
15610653,733,5,2,1,1,0
15667002,666,5,2,1,0,0
15709199,511,1,1,1,1,0
15710087,705,3,3,1,0,1
15679884,544,10,3,1,1,1
15679884,544,10,3,1,1,1
15784180,564,7,1,1,1,1
15808849,702,7,1,0,1,0
15751549,658,2,2,0,0,0
15588235,654,8,1,1,1,0
15640418,649,4,1,1,0,0
15721116,597,0,2,1,1,0
15599084,782,7,1,1,1,0
15773394,644,3,2,1,1,0
15625713,679,7,1,0,1,0
15766417,678,2,2,1,1,0
15622578,806,5,1,0,1,0
15799924,668,1,1,0,0,0
15618363,659,9,1,1,1,0
15637138,660,1,2,1,0,0
15781665,601,5,1,0,0,0
15804853,781,0,1,1,0,1
15651627,628,1,1,,1,1
15680685,751,3,1,0,0,0
15808930,531,1,1,1,0,0
15570970,647,9,2,1,1,0
15679961,708,7,1,1,1,0
15705458,550,2,2,1,1,0
15750396,670,1,2,1,1,0
15679928,592,2,2,0,1,0
15711181,589,4,2,0,1,0
15698324,725,4,1,1,1,0
15807433,570,9,2,0,1,0
15636590,575,1,2,1,1,0
15628950,501,6,1,1,0,0
15617206,431,8,2,1,0,0
15603741,719,4,1,1,1,0
15742607,850,7,1,1,1,0
15747821,554,6,1,1,0,0
15612043,418,7,1,1,1,0
15809558,715,7,1,1,1,0
15803750,750,3,1,0,1,1
15704681,766,2,2,0,1,0
15667392,652,6,2,1,1,0
15738889,658,8,1,0,1,1
15598838,659,1,1,1,1,0
15579109,574,5,1,1,1,0
15799042,611,7,1,1,1,0
15697042,738,8,1,1,0,0
15696605,571,4,1,0,0,0
15802274,686,7,1,1,0,0
15596808,679,4,1,1,0,0
15705403,617,3,1,0,1,0
15732903,673,7,2,1,0,0
15581968,745,1,2,1,1,0
15683892,677,3,1,1,0,0
15595447,613,8,1,1,0,0
15569249,576,6,3,0,1,1
15656188,584,5,2,1,1,0
15689661,663,6,2,0,1,0
15644934,466,9,1,1,0,0
15721793,510,7,1,1,1,0
15687413,619,6,2,1,1,0
15761286,696,7,2,1,1,0
15658240,554,9,2,0,0,0
15706232,595,9,1,1,1,1
15583394,659,8,2,1,1,0
15715643,662,8,2,1,1,0
15644856,556,2,1,1,0,0
15785488,701,9,2,1,1,0
15711571,587,5,1,1,0,0
15778604,571,7,2,0,0,0
15751180,539,7,1,1,0,0
15748360,644,10,2,1,1,0
15770039,572,4,1,1,0,1
15685096,753,4,2,1,1,0
15669501,706,5,2,1,1,0
15622631,588,8,1,1,0,1
15586699,825,9,2,0,0,0
15702377,627,1,1,1,0,0
15577170,532,5,2,0,1,0
15769451,764,1,2,1,1,0
15811877,700,4,2,1,0,0
15648725,660,3,2,1,1,0
15752801,518,9,2,1,0,1
15808175,557,7,1,1,0,1
15681342,639,1,2,1,1,0
15589210,557,4,1,0,0,0
15696826,633,1,1,0,1,0
15614962,623,2,1,1,1,0
15689061,611,5,2,1,1,0
15640074,666,5,1,0,0,1
15776156,521,4,1,1,1,1
15739548,775,9,1,1,0,0
15662854,681,5,2,0,0,0
15687688,564,10,2,1,0,0
15715750,646,2,1,0,0,1
15571121,670,8,1,0,1,0
15726466,751,1,1,1,0,0
15660390,544,6,2,1,1,0
15663942,639,5,2,0,0,0
15638610,635,5,1,1,0,1
15644446,672,6,1,0,1,0
15585892,639,8,1,0,0,0
15609356,697,1,2,0,0,0
15803378,850,8,2,1,1,0
15599440,748,8,2,1,0,0
15692408,463,2,2,1,1,0
15683168,572,6,1,0,1,0
15790254,741,1,1,1,1,0
15767729,646,5,2,1,1,1
15768600,805,9,1,1,0,1
15699839,637,2,1,1,1,0
15786237,651,7,2,1,0,0
15694530,672,4,1,1,1,0
15796813,493,3,2,1,0,1
15605791,524,9,2,1,0,0
15714087,624,5,1,1,0,0
15711446,569,3,3,1,0,1
15588123,677,2,2,0,1,0
15748552,464,4,1,0,0,0
15618410,718,7,1,0,0,0
15672432,594,4,1,1,0,1
15610042,574,8,1,1,0,0
15580914,478,0,2,0,1,1
15583680,615,4,1,0,1,0
15813718,651,4,2,0,0,0
15767264,465,1,1,0,0,1
15686461,558,7,2,1,1,0
15678882,540,3,1,0,0,0
15789611,568,8,1,0,0,1
15668679,630,0,2,1,1,0
15631685,523,1,1,0,1,0
15655658,678,2,2,1,1,0
15753591,438,2,2,1,0,0
15617348,544,1,2,0,0,0
15704581,595,2,2,0,1,0
15738487,678,3,2,1,0,0
15648069,850,6,2,1,1,0
15737627,589,2,2,1,0,0
15731586,785,2,2,0,0,0
15757467,563,6,2,1,1,0
15597709,602,6,2,1,0,1
15720529,591,6,2,1,1,0
15596797,643,1,2,1,1,0
15681755,605,5,2,1,1,0
15815271,755,6,3,1,0,1
15682860,769,6,2,0,0,0
15621546,620,9,1,1,1,0
15705918,725,8,2,1,1,0
15684512,818,8,2,1,1,0
15671769,624,4,3,1,1,1
15642934,669,4,2,1,0,0
15594305,712,1,2,1,0,0
15789201,603,9,1,1,0,0
15706762,597,4,2,1,1,0
15766183,580,2,2,1,1,0
15777994,718,3,2,1,1,0
15568162,527,8,1,1,1,0
15680643,729,1,2,1,1,0
15761854,746,4,1,0,1,0
15730793,699,3,1,1,1,1
15692137,759,2,1,1,1,0
15608595,748,3,1,0,1,0
15709459,698,5,1,1,1,0
15775750,686,9,1,1,0,0
15585855,679,1,1,1,1,0
15752139,682,5,2,1,0,0
15768295,778,7,1,0,1,0
15766906,742,4,2,1,0,0
15725776,649,7,1,0,0,0
15682576,763,1,2,0,1,0
15704081,595,9,2,1,1,0
15719940,628,10,2,0,0,1
15672894,625,8,2,0,0,0
15667451,733,5,2,1,1,0
15636767,665,10,1,1,1,0
15571415,805,6,1,1,0,1
15575605,725,6,2,1,1,0
15649160,554,3,1,1,1,0
15615832,675,8,1,0,1,0
15600975,556,4,1,1,0,1
15690772,635,2,2,1,1,0
15565714,601,1,2,0,1,0
15763108,600,7,1,1,0,1
15723884,758,3,2,0,0,0
15644453,606,4,1,,0,1
15655464,640,3,1,0,1,0
15783883,753,1,1,1,0,1
15787693,559,3,1,1,0,1
15664793,754,7,2,0,1,0
15642391,621,4,1,0,0,1
15756538,654,5,1,0,1,0
15668830,650,8,1,1,0,0
15796569,831,10,1,0,1,0
15677112,519,2,2,1,0,0
15815040,552,8,1,0,1,1
15590434,577,4,1,0,1,0
15597536,576,5,1,0,0,0
15723989,646,5,2,1,1,0
15767358,711,1,2,1,0,0
15594812,806,2,2,0,1,0
15688210,670,8,1,0,0,0
15681509,679,9,2,0,1,0
15572390,850,6,2,1,0,0
15801441,670,2,1,0,1,0
15783859,733,3,1,1,1,0
15575243,764,1,2,1,1,0
15773421,673,4,2,1,0,0
15788776,588,6,3,1,0,1
15765257,564,5,1,1,1,1
15661412,715,8,1,1,0,0
15636478,621,7,1,1,1,0
15603683,796,3,2,0,0,0
15651868,672,6,1,0,0,0
15815443,527,10,1,1,0,0
15682686,722,3,2,0,1,0
15697460,596,4,2,0,1,0
15748432,746,4,2,1,1,0
15698271,523,4,2,1,0,0
15808662,624,3,2,1,0,0
15690372,553,1,2,1,0,0
15781875,850,3,2,1,1,0
15801473,599,2,2,1,0,0
15704509,492,8,1,0,0,0
15694666,707,8,1,1,1,1
15731166,743,1,1,1,1,0
15728523,522,5,1,1,1,0
15788442,681,2,1,0,1,0
15689781,826,0,1,0,0,1
15764226,630,8,1,1,1,0
15809837,430,6,2,1,1,1
15805212,806,1,2,0,1,0
15716082,703,6,1,0,0,0
15643056,755,1,1,0,1,0
15654859,612,2,2,1,0,1
15761158,719,7,2,1,1,0
15577515,554,0,1,0,1,1
15723827,683,4,1,0,0,0
15646594,749,5,1,1,1,0
15712877,724,1,2,1,0,0
15598802,770,8,2,0,1,0
15699340,680,4,2,1,0,0
15691150,699,4,1,1,1,0
15608688,442,4,2,1,0,0
15737998,529,8,1,0,0,1
15735837,574,3,2,1,1,0
15659100,605,9,1,0,0,0
15609070,515,7,3,1,1,1
15650313,632,6,1,1,1,0
15627699,558,10,1,1,0,0
15591010,434,8,2,1,0,1
15798895,525,6,1,1,0,1
15745375,640,3,1,1,0,0
15775235,690,6,1,0,0,0
15780088,607,9,1,1,0,0
15649379,850,3,2,1,1,0
15713983,780,5,2,1,0,0
15709252,616,10,1,0,1,1
15699238,618,8,2,1,0,0
15732884,676,7,1,0,0,0
15587297,507,7,2,1,1,0
15684722,490,5,2,0,0,0
15621244,678,0,1,1,1,0
15744273,637,6,2,1,0,0
15682540,602,8,2,1,1,0
15636521,744,1,1,1,1,0
15785339,640,9,2,0,0,0
15638983,684,5,1,0,0,0
15654625,495,8,2,1,1,0
15697310,559,3,1,0,0,0
15678210,684,5,2,1,1,0
15575438,613,7,1,1,1,0
15632789,794,8,2,1,1,0
15621423,736,7,3,0,0,1
15573520,692,6,2,0,1,0
15740458,703,7,1,1,0,0
15762799,720,0,2,1,1,0
15686885,777,3,2,0,1,0
15565996,653,8,2,1,1,0
15662152,552,9,1,0,0,0
15711742,708,4,1,1,1,0
15701885,647,9,2,0,1,0
15774262,597,8,2,1,1,0
15567839,501,9,1,0,1,0
15644400,709,9,1,1,0,0
15797246,621,2,2,1,0,0
15778290,799,8,1,1,1,0
15708714,675,6,2,1,0,0
15586183,561,5,2,1,0,0
15761733,707,10,2,1,1,0
15773934,670,6,1,1,0,0
15705343,649,7,1,1,0,0
15593959,524,1,1,1,1,0
15664615,689,5,1,1,1,1
15671014,573,8,1,1,1,0
15657778,657,1,2,0,0,0
15585192,686,10,1,0,0,0
15592914,683,9,2,1,1,0
15770995,753,1,1,1,0,0
15570990,520,4,2,0,0,0
15596165,547,4,2,1,1,0
15788131,653,6,1,1,0,1
15800773,648,9,1,1,1,0
15690153,639,4,2,0,1,0
15638989,711,5,1,0,0,1
15623210,484,8,3,0,0,1
15652658,721,1,2,1,1,0
15684440,548,2,1,1,1,0
15730287,679,8,3,1,0,1
15720353,553,1,2,1,0,0
15767231,757,7,1,0,0,0
15761554,581,4,1,0,0,1
15706637,718,9,2,0,0,0
15690492,625,6,2,1,0,0
15694237,744,4,1,1,0,0
15729771,799,9,1,0,1,1
15609823,751,8,2,0,0,0
15793366,781,7,2,1,1,0
15614813,777,0,1,1,0,0
15566495,704,2,1,1,0,1
15707602,539,2,2,1,1,1
15635244,716,6,2,1,1,0
15805627,670,2,2,1,1,0
15607986,555,10,1,1,1,0
15799785,679,4,1,1,1,0
15699963,571,1,1,1,1,0
15624595,512,5,1,1,1,0
15629750,697,5,1,1,0,0
15651460,424,7,1,1,1,0
15753550,684,7,2,1,0,0
15594133,697,7,1,1,0,1
15772329,580,8,1,1,0,1
15591552,600,7,1,1,0,0
15750921,521,5,2,1,1,0
15701687,664,7,3,0,0,1
15728906,634,5,2,1,1,0
15670029,445,7,2,1,0,0
15763579,702,2,2,1,1,0
15728010,485,5,2,0,1,0
15663194,582,3,1,1,1,1
15736510,605,2,3,1,0,1
15745804,628,7,2,,1,0
15631451,604,6,2,1,1,0
15746995,724,9,1,1,0,0
15730673,567,7,1,1,0,0
15734649,779,0,1,1,0,1
15701081,785,2,1,0,1,0
15632503,563,0,1,1,0,1
15585928,821,2,1,1,1,0
15648681,747,5,4,0,1,1
15747757,600,8,1,0,0,1
15718921,625,7,1,1,1,0
15571081,773,7,1,1,1,0
15734578,726,1,1,0,1,0
15579583,641,4,1,1,1,0
15622729,649,2,2,1,1,0
15662189,434,3,1,1,1,0
15692718,738,7,2,0,0,0
15762716,762,10,1,1,0,1
15724851,507,9,1,1,0,0
15587266,606,6,1,0,1,0
15675926,655,7,1,1,0,1
15706268,697,1,1,1,1,0
15581871,504,7,2,1,1,0
15666166,653,0,1,1,1,0
15671582,660,6,1,1,1,0
15680901,652,6,2,1,1,0
15642336,669,9,2,0,0,0
15653147,594,2,1,1,1,0
15571284,756,0,2,1,1,0
15591360,642,4,2,0,1,0
15810485,486,1,1,0,0,0
15611973,804,7,2,1,1,0
15735572,629,9,1,1,1,1
15567860,581,7,2,1,0,1
15795690,667,3,1,1,1,0
15706464,667,4,2,0,0,0
15725028,679,3,2,1,1,0
15751167,680,4,2,1,1,0
15633944,644,3,1,1,1,0
15672637,571,4,1,1,0,0
15680895,627,7,1,1,0,0
15793825,536,4,2,1,0,0
15611318,599,4,1,1,0,1
15768474,744,3,2,1,0,0
15716276,709,2,1,1,0,0
15623668,653,2,2,0,0,0
15696361,648,7,1,0,1,0
15607988,663,8,1,1,0,0
15637891,613,4,1,0,1,0
15789865,620,9,1,0,1,0
15627190,661,6,1,1,1,0
15788224,669,1,1,0,0,0
15702149,767,1,1,1,1,0
15708236,491,6,1,1,1,0
15568469,653,0,2,1,0,0
15764444,679,8,2,1,1,0
15794204,687,7,1,1,1,0
15807546,837,2,2,1,1,0
15782159,850,8,2,1,1,0
15618703,663,6,1,0,1,1
15793317,547,7,1,1,0,0
15740487,627,6,3,1,1,1
15722479,707,1,2,0,1,0
15688264,629,0,2,1,1,0
15583067,687,4,1,0,1,0
15686670,588,2,2,1,0,1
15593345,502,6,2,1,1,0
15811690,793,2,1,0,0,1
15734008,727,5,1,1,0,1
15771856,632,1,2,1,0,0
15762045,474,5,2,1,1,0
15778142,850,1,2,1,1,0
15689268,584,9,1,1,1,0
15721507,713,1,1,0,0,1
15750476,742,8,2,1,0,0
15810723,607,10,3,1,0,1
15787229,761,2,2,1,0,0
15570508,600,7,1,1,0,0
15617065,650,4,1,1,0,1
15689786,850,1,1,0,0,1
15648876,501,5,1,1,0,0
15802106,418,8,1,1,0,0
15773869,797,4,1,1,1,0
15711635,788,6,2,1,0,0
15795527,699,2,2,1,0,0
15759133,616,6,2,1,1,0
15679394,651,4,1,1,1,0
15801072,654,7,2,1,0,0
15646082,676,8,1,1,0,1
15796111,708,8,1,0,1,1
15670646,499,0,1,1,1,1
15578722,689,4,2,1,0,0
15815095,850,7,2,0,0,1
15730360,502,4,2,1,1,0
15763194,643,7,2,0,1,0
15720725,762,2,2,1,0,0
15567834,719,5,1,1,1,0
15720644,789,6,2,1,0,0
15811742,553,7,2,1,0,0
15813363,448,2,2,0,0,0
15717629,632,6,2,0,1,0
15713160,669,7,2,1,0,0
15568878,654,5,2,1,0,0
15809800,726,4,2,0,0,0
15736420,596,4,2,0,1,1
15757933,733,1,1,1,0,0
15623072,529,5,2,1,0,0
15683993,493,8,2,1,0,0
15570947,615,7,2,1,1,0
15797767,600,6,1,0,1,1
15731989,666,4,2,1,0,0
15591035,644,6,1,0,1,0
15586479,692,4,1,1,0,1
15605872,707,6,1,1,1,0
15666012,603,4,2,1,1,0
15641733,671,5,1,1,0,0
15593178,568,10,1,1,1,1
15649183,598,8,3,0,1,0
15736399,606,10,2,1,0,0
15751137,850,3,1,1,0,0
15757188,644,4,2,1,1,0
15726167,655,4,2,1,1,0
15624850,850,10,2,1,0,0
15717700,683,9,2,0,1,0
15716347,663,7,2,0,1,0
15696287,682,1,1,1,1,1
15638871,639,6,2,1,1,0
15765093,704,6,1,1,1,0
15592999,691,0,1,1,1,0
15641715,599,8,2,1,1,0
15607746,573,1,1,1,1,0
15625311,589,7,1,1,1,0
15573077,620,8,1,1,1,1
15735106,647,6,2,1,0,0
15672912,737,7,2,0,0,1
15589881,634,7,2,1,1,0
15660144,660,4,2,0,0,0
15664083,666,2,1,0,1,0
15690898,696,8,1,0,0,0
15808023,836,9,1,1,1,0
15676909,667,5,2,1,0,0
15764922,596,3,1,1,0,0
15766734,430,5,1,1,0,0
15795079,596,6,2,1,1,0
15757434,599,7,1,0,0,0
15673747,519,8,1,0,1,0
15808386,721,7,1,0,0,1
15603565,603,5,2,1,0,1
15744044,572,4,1,1,0,1
15577771,453,1,1,1,1,1
15769548,668,7,1,1,0,0
15802071,762,1,1,0,1,1
15677395,633,9,2,0,0,0
15632010,647,7,2,1,0,0
15779492,796,6,1,0,0,1
15694677,733,1,2,,1,0
15704315,556,8,1,1,1,0
15742009,489,4,2,1,1,0
15766663,639,4,2,1,0,0
15742297,715,2,1,1,1,0
15688059,807,9,2,1,1,0
15752344,714,5,2,1,0,0
15698749,626,6,1,1,0,0
15631693,697,7,2,1,1,0
15604536,850,4,1,0,1,0
15802869,737,2,2,1,1,0
15635598,812,6,2,0,0,0
15592326,583,8,2,0,1,0
15736533,730,5,1,1,0,0
15647191,677,4,2,1,0,0
15622507,748,3,2,0,0,0
15765487,753,9,1,1,1,0
15646521,634,1,1,1,1,0
15746258,622,7,1,1,1,0
15692430,699,2,2,1,0,0
15625501,570,1,1,1,0,1
15640521,552,3,1,1,0,1
15790630,619,4,1,0,0,1
15664720,714,8,1,0,0,0
15750055,503,9,2,1,1,0
15644878,685,6,1,0,0,0
15754578,606,0,2,1,0,0
15705379,678,3,2,1,0,0
15761047,724,2,2,0,1,0
15671293,779,2,1,1,1,1
15687527,638,1,2,1,0,0
15647898,610,5,3,1,0,1
15671534,646,6,1,1,0,1
15591248,628,9,1,1,1,0
15676156,528,4,2,1,0,0
15812918,432,6,2,0,0,0
15604130,622,6,1,0,0,0
15700549,721,5,2,1,1,0
15715519,614,5,2,1,0,0
15707042,634,2,1,1,0,0
15605276,742,4,2,1,1,0
15630592,516,4,1,1,0,1
15636626,718,3,1,1,1,0
15740411,636,8,2,1,1,0
15593834,691,7,1,0,0,1
15804235,698,2,2,1,1,0
15679801,712,5,2,1,1,0
15673907,659,8,2,0,0,0
15636562,573,8,2,0,0,0
15702571,778,1,3,1,1,1
15627365,732,0,2,1,1,0
15748499,550,4,1,0,1,1
15598614,790,8,2,1,0,0
15668889,665,2,4,1,0,1
15800049,728,5,1,1,1,0
15583724,645,4,2,1,1,0
15622083,647,6,2,1,0,0
15645571,596,4,2,0,1,0
15598266,610,9,1,1,1,0
15667934,512,0,1,1,0,0
15569682,768,9,1,1,0,1
15772941,666,3,1,0,1,0
15586174,700,4,1,1,1,0
15803682,651,10,2,1,1,0
15627328,542,2,2,1,1,0
15717065,686,8,1,1,0,0
15602456,850,4,2,1,1,0
15721569,658,8,1,0,1,0
15573798,448,6,2,1,0,0
15638272,609,4,1,1,1,0
15799859,704,4,1,1,0,1
15599152,698,1,1,0,0,0
15737909,759,2,2,1,0,0
15646190,677,0,1,0,0,1
15711249,544,4,2,1,0,0
15671987,567,8,1,1,0,0
15812766,490,6,1,0,0,0
15778589,626,7,2,1,1,0
15750104,718,5,2,1,0,0
15784526,616,5,1,0,1,1
15646563,772,9,1,0,1,0
15744423,561,5,2,1,0,0
15593694,814,8,2,0,0,0
15785367,651,4,1,0,0,1
15687765,538,4,1,1,0,0
15789014,600,6,1,1,0,0
15703177,654,2,1,1,1,0
15660263,622,4,2,1,0,0
15776545,682,10,1,0,1,1
15683276,610,10,2,1,1,0
15599272,795,1,1,1,1,0
15589541,557,2,2,0,1,0
15608804,824,8,1,1,1,0
15645820,698,7,2,1,0,0
15659031,630,8,2,1,1,0
15790113,609,6,1,1,0,1
15652289,694,4,2,1,0,0
15605341,681,8,1,1,1,0
15697844,721,10,1,1,0,1
15652048,563,7,2,1,1,0
15587038,654,2,1,1,1,1
15660528,659,4,2,1,0,0
15700300,674,4,1,0,1,1
15642001,576,9,1,1,0,1
15580366,566,4,2,1,1,0
15657228,545,9,2,0,1,0
15729377,798,1,2,1,1,0
15686913,757,0,1,,0,0
15631267,641,6,2,1,1,0
15632275,718,2,1,1,0,0
15715907,699,9,1,1,0,1
15764841,623,0,1,1,1,0
15748649,644,8,1,1,0,0
15771409,586,7,1,1,0,1
15779207,500,2,2,1,1,0
15814116,583,7,2,1,0,0
15665087,595,8,1,1,1,0
15611189,670,1,1,0,0,0
15729718,610,6,3,0,0,1
15733602,814,2,2,0,1,0
15620103,660,8,1,1,1,0
15770406,580,9,1,0,1,0
15800554,850,1,2,1,1,0
15611409,676,0,2,0,0,0
15646535,578,5,1,1,0,0
15575430,579,1,1,1,1,0
15711299,711,8,1,0,1,0
15642063,692,6,1,0,0,0
15706602,760,1,2,0,1,0
15592773,630,0,3,0,0,1
15786539,808,1,2,1,1,0
15737542,611,10,1,1,0,0
15590234,697,1,1,1,0,1
15773776,655,6,1,1,1,0
15728082,601,6,2,1,0,0
15609987,755,2,1,1,0,0
15735330,553,1,1,1,0,0
15649430,723,4,2,1,1,0
15768777,507,4,2,1,1,0
15777893,777,1,2,1,0,0
15791326,566,3,1,0,0,0
15615176,732,7,2,1,0,0
15735221,697,10,2,1,0,0
15617991,555,4,1,1,1,0
15658504,584,9,2,0,1,0
15785705,705,10,1,1,0,1
15801817,688,7,1,1,1,0
15752578,626,2,2,1,0,0
15781574,636,9,1,1,1,0
15792107,719,8,1,1,1,0
15569917,706,6,2,0,0,1
15721504,731,3,2,1,0,0
15757306,738,3,3,1,1,1
15647295,426,9,2,1,0,0
15642098,622,0,2,1,0,1
15696120,701,2,2,1,0,0
15675176,512,6,1,1,1,0
15700046,635,4,2,1,0,0
15782089,685,6,1,1,0,0
15706394,609,7,2,0,1,0
15759387,598,1,1,1,1,1
15623369,708,10,1,1,0,1
15732943,574,4,1,1,0,1
15750545,629,5,4,0,0,1
15809909,422,4,2,1,1,0
15642448,656,8,1,1,1,0
15791944,697,7,3,1,0,1
15768342,718,8,3,1,1,1
15567919,586,8,2,0,1,0
15674750,481,8,2,,0,0
15778345,749,1,1,1,0,0
15687634,561,5,1,1,1,0
15666096,676,4,1,0,1,0
15581700,615,3,1,1,1,0
15656417,582,1,2,1,0,0
15649101,601,10,1,0,0,0
15781975,708,3,1,0,1,1
15700511,708,9,2,1,1,0
15770255,797,10,1,0,0,0
15643574,682,8,2,1,0,0
15595010,694,9,2,0,0,0
15580579,490,1,1,1,1,1
15748532,828,10,1,1,1,0
15773789,594,7,1,1,0,0
15600027,579,1,2,1,1,0
15620832,723,0,2,0,1,0
15568819,619,8,3,1,1,1
15748691,794,1,1,0,1,0
15583552,674,3,1,1,0,0
15588019,418,7,1,1,0,0
15713250,502,8,2,1,1,0
15569595,678,6,1,1,0,0
15794868,599,10,2,1,1,0
15576680,736,4,2,0,0,0
15613699,430,7,1,1,0,1
15609758,537,7,1,1,0,1
15762392,683,1,1,1,1,0
15693382,828,9,1,0,1,0
15791769,691,9,1,1,0,0
15712483,608,4,2,1,0,1
15636454,691,6,1,1,0,1
15710138,718,6,2,0,1,0
15571571,680,3,3,1,1,0
15638751,838,5,2,1,0,0
15598574,695,5,2,0,1,0
15796787,681,0,1,1,0,0
15615670,762,5,1,1,1,0
15705506,751,7,2,0,0,0
15599535,678,5,1,1,1,0
15768449,634,7,2,1,1,0
15725002,749,7,2,1,0,0
15611682,590,6,1,1,1,0
15749964,610,4,2,1,0,0
15678779,502,7,2,0,1,0
15752601,578,7,2,0,0,0
15758477,547,2,2,1,0,0
15629133,579,9,2,1,0,0
15604963,661,5,2,0,0,0
15796413,794,6,2,1,0,0
15812470,719,5,2,0,1,0
15587443,728,1,2,1,1,0
15689692,598,3,1,1,1,0
15779586,822,3,2,1,0,0
15667588,670,3,1,1,1,0
15624423,850,8,1,1,0,0
15591107,723,3,1,0,0,1
15748986,705,8,2,1,1,0
15793896,677,7,1,1,1,0
15620570,736,4,1,1,0,0
15727811,661,0,1,0,0,1
15707681,501,9,2,0,1,0
15702030,516,2,1,1,0,0
15673238,517,8,2,1,0,1
15604196,766,6,1,1,1,0
15769356,520,3,2,1,1,0
15665590,541,6,2,1,1,0
15572361,790,2,1,1,0,0
15667460,797,9,2,1,1,0
15654760,811,1,1,1,1,0
15632669,722,4,2,1,1,0
15613673,675,9,1,1,0,0
15698522,660,9,2,1,0,0
15741633,566,10,1,1,1,0
15674583,768,0,1,1,1,0
15665374,610,5,2,0,0,0
15588854,715,3,1,1,1,0
15810716,750,8,2,1,0,0
15776921,431,5,2,0,0,0
15569394,704,2,2,1,0,0
15788215,535,5,1,0,0,1
15641007,614,4,1,1,1,0
15594651,748,4,1,0,1,0
15575146,492,8,2,1,1,0
15608916,573,7,1,1,1,0
15666297,706,3,3,0,0,1
15598586,680,10,1,1,1,0
15665014,458,5,2,1,0,0
15701738,612,2,1,1,1,1
15650591,809,10,1,1,1,1
15652667,590,9,2,1,1,0
15679622,602,8,1,1,1,0
15730150,540,0,1,1,0,0
15813192,494,6,2,0,1,0
15606554,797,1,1,0,1,0
15611794,526,6,2,1,1,0
15672357,631,7,2,1,0,0
15711759,576,5,1,1,1,0
15615296,405,10,1,1,0,1
15699294,555,1,2,0,0,0
15788634,750,2,1,0,0,0
15660871,665,8,1,1,0,0
15618258,640,5,1,1,0,0
15722535,457,7,1,0,1,0
15711977,695,4,1,1,0,0
15690169,645,7,2,1,0,1
15790689,647,9,1,1,1,0
15665181,808,7,2,0,1,0
15633608,641,2,2,1,1,1
15805261,700,8,2,0,1,0
15740356,660,4,1,0,1,0
15808223,615,1,1,1,1,0
15769980,705,3,1,1,1,0
15675450,718,9,2,1,1,0
15776494,754,5,1,1,1,1
15592412,713,4,1,1,0,1
15777452,587,6,1,0,0,0
15692258,569,1,1,0,0,0
15791045,568,3,1,0,1,0
15807889,634,5,1,1,0,0
15602043,770,5,2,0,0,0
15807335,676,4,1,1,1,0
15629985,723,10,2,0,0,1
15679453,614,8,1,1,1,1
15637315,601,3,2,1,0,0
15691513,592,9,4,1,1,1
15622289,605,9,2,0,1,0
15715184,752,4,2,1,0,0
15702801,677,3,1,0,0,1
15719931,850,8,2,1,0,0
15806081,608,2,2,1,0,0
15796336,786,9,2,1,0,0
15647306,777,9,1,1,1,1
15742369,667,5,2,1,1,0
15655859,848,5,2,1,0,0
15675650,486,8,1,0,1,0
15574119,598,1,1,1,1,0
15754168,506,3,1,1,1,0
15763029,612,9,1,1,1,1
15765048,545,3,2,1,0,0
15786215,793,8,2,1,0,0
15707559,682,9,2,1,1,0
15582129,517,1,3,1,0,1
15687540,684,9,2,0,1,0
15787196,692,2,2,1,1,0
15670898,740,5,2,0,0,1
15775433,666,1,2,1,1,0
15700693,693,2,2,1,1,0
15677955,757,1,1,1,0,0
15570086,684,9,1,0,1,0
15794875,691,6,2,0,1,0
15673591,842,3,4,0,1,1
15631756,482,5,2,0,0,0
15757617,735,6,1,1,0,0
15612729,681,7,2,1,1,0
15637857,616,8,1,0,1,0
15681007,850,2,4,1,0,1
15593622,635,10,2,0,1,0
15629273,638,8,1,1,0,1
15765846,820,2,1,1,0,0
15596013,694,1,1,0,0,1
15722473,713,3,2,1,0,0
15774936,543,6,1,1,1,1
15685640,649,3,1,1,1,0
15566563,777,4,1,1,0,1
15768746,561,6,2,0,0,0
15689952,724,5,1,0,1,0
15725906,665,8,1,1,1,1
15634501,441,1,1,0,1,0
15571940,579,3,1,1,1,0
15741643,777,7,1,1,1,0
15806822,739,0,2,0,0,0
15701166,660,5,2,1,1,0
15718531,554,8,2,1,1,0
15628308,850,6,2,1,1,0
15585287,842,9,1,1,0,1
15781619,785,1,1,1,0,1
15805162,550,0,2,1,1,0
15588535,750,6,2,0,0,0
15775307,490,3,1,1,1,0
15777616,605,10,1,1,0,0
15692291,563,6,2,1,0,1
15680843,675,8,2,1,1,0
15606232,621,7,1,1,1,0
15641585,850,6,1,0,1,0
15684358,711,3,2,1,1,0
15806389,549,1,2,0,1,1
15641860,764,6,2,1,0,1
15814237,627,3,2,1,1,0
15808780,850,2,2,0,0,0
15767064,614,1,1,1,1,0
15751177,685,2,1,1,0,1
15613427,683,7,2,0,0,0
15647259,643,2,2,0,0,0
15748660,561,1,1,1,0,1
15726695,601,9,2,1,0,0
15757473,766,7,2,0,1,0
15809509,699,3,1,1,1,0
15715512,850,1,1,1,1,0
15614168,792,4,1,1,0,1
15679818,636,7,1,0,1,1
15609928,850,5,2,0,1,0
15731246,628,10,2,1,0,0
15685243,736,10,2,0,1,0
15638730,711,0,2,0,1,0
15697034,583,2,2,0,1,0
15699225,757,0,2,1,0,0
15677387,749,10,1,0,1,0
15759184,705,7,1,1,0,0
15595991,585,8,1,1,1,0
15681332,437,6,1,1,0,1
15756299,741,2,1,1,1,0
15750547,738,9,2,1,1,0
15566380,586,10,2,1,1,0
15675963,627,9,2,1,1,0
15674671,551,2,2,1,1,0
15621466,606,3,1,0,0,0
15607176,674,3,1,1,1,0
15570299,584,6,1,1,0,0
15613197,590,8,2,1,0,0
15798885,585,4,2,1,1,0
15714883,508,2,1,0,1,0
15604497,458,7,1,1,0,0
15773949,692,3,2,1,1,0
15774164,502,5,2,1,0,0
15774127,518,3,2,1,0,0
15619016,660,5,2,1,1,0
15795759,698,1,1,1,0,1
15798844,678,7,1,0,0,1
15717962,773,9,1,1,1,0
15691504,619,8,1,0,0,0
15693893,684,9,1,0,1,0
15672499,635,3,2,1,1,0
15750410,680,4,1,1,1,0
15568904,608,3,1,1,1,0
15649033,603,7,2,1,0,1
15780989,579,2,1,1,1,1
15771059,756,2,1,0,0,0
15687852,611,2,1,0,0,0
15695280,532,8,1,0,0,0
15592751,684,3,1,1,0,1
15598338,647,3,2,0,0,0
15735784,583,8,1,1,0,0
15629128,774,2,2,1,1,0
15642870,677,9,1,0,1,0
15637977,542,8,1,0,0,0
15600792,613,0,2,0,1,0
15576131,666,5,2,1,0,0
15686588,777,2,1,0,1,0
15761018,581,2,2,1,0,1
15616029,705,7,2,1,0,0
15761149,673,8,1,0,1,0
15802758,594,4,2,1,0,1
15647838,648,2,1,1,0,1
15735968,605,10,2,0,1,0
15581286,734,9,1,1,1,0
15625445,572,8,2,0,1,0
15600173,595,9,2,1,1,0
15635143,749,2,2,0,1,0
15664849,573,3,1,0,1,1
15762455,624,6,1,0,1,0
15797165,703,9,1,0,0,1
15788189,665,8,1,1,0,0
15780492,648,4,2,1,0,0
15678497,850,2,1,1,0,1
15588560,569,8,1,1,1,0
15606003,566,3,2,1,1,0
15611756,537,4,2,1,1,0
15789563,706,7,1,1,1,1
15702416,734,7,1,0,0,0
15766288,586,5,1,1,0,1
15667633,612,1,2,1,1,0
15622774,648,0,1,1,1,0
15755416,557,3,1,1,1,0
15769915,643,0,1,1,1,0
15643908,433,10,1,1,1,0
15627395,643,7,1,1,1,0
15679663,488,0,2,1,0,0
15651581,758,6,1,1,0,1
15596379,743,3,1,0,1,0
15746674,730,7,1,1,0,1
15801256,746,7,2,0,1,0
15663808,666,8,2,1,1,0
15598521,580,7,2,0,0,0
15621457,850,6,2,0,0,0
15764726,563,3,1,0,1,0
15646374,766,3,2,1,1,0
15716501,659,9,1,0,1,0
15589948,607,1,2,1,1,0
15811343,644,5,3,1,1,0
15659677,746,8,1,1,1,0
15594436,588,2,2,1,1,0
15748995,691,9,2,0,1,0
15677062,666,6,1,1,1,0
15697201,640,3,1,1,1,0
15666453,611,4,2,1,1,0
15693771,651,8,1,1,0,1
15569867,529,8,2,1,0,0
15711602,676,3,1,1,1,0
15717736,639,10,2,1,1,0
15750441,782,5,2,0,1,0
15732791,641,5,1,1,1,0
15775104,697,1,1,1,0,0
15757607,623,0,1,1,0,1
15793070,494,2,2,1,0,1
15760456,731,10,2,1,0,1
15665385,657,6,1,1,0,0
15612418,744,9,2,0,0,0
15727138,774,9,2,1,1,0
15732061,850,1,1,0,0,1
15776051,551,6,2,1,1,0
15616530,638,6,1,0,0,1
15632344,792,0,2,1,0,0
15744979,666,8,1,0,1,0
15745433,716,2,2,0,0,0
15683657,594,0,1,1,0,0
15718572,600,9,2,1,1,0
15665783,565,7,2,1,1,0
15652782,678,2,2,0,1,0
15707025,648,5,2,1,1,0
15647807,642,8,1,1,0,0
15718281,706,1,2,1,1,1
15660571,668,10,1,1,1,0
15727857,635,1,2,1,0,0
15639252,603,6,2,1,1,0
15628144,635,4,1,0,1,0
15683560,642,7,2,1,0,0
15653275,785,1,2,1,0,1
15622182,628,3,2,1,0,0
15613962,499,9,2,0,1,0
15618437,567,10,2,0,1,0
15783338,449,0,1,1,1,0
15764491,701,10,2,1,1,0
15712960,613,3,1,0,1,0
15688157,683,2,2,1,1,0
15579287,581,4,2,0,1,0
15570931,620,5,1,0,0,1
15615177,561,6,1,1,1,0
15809906,558,1,2,1,1,0
15652169,642,2,1,0,1,0
15649450,805,6,2,1,0,0
15777179,687,9,2,0,1,0
15803538,695,1,3,1,0,1
15610936,562,6,2,1,0,0
15590094,613,9,2,0,0,0
15572706,589,5,1,1,0,0
15634564,593,8,1,1,1,0
15684296,714,5,1,0,1,0
15702293,588,7,2,1,1,0
15642099,679,6,2,1,0,0
15773273,730,5,1,1,1,0
15613337,833,2,2,1,1,0
15800482,586,7,2,1,1,0
15732644,567,5,2,1,0,1
15713426,637,1,1,1,0,1
15640789,711,4,1,1,0,0
15598892,828,4,2,0,0,0
15606436,500,7,2,0,0,0
15751227,807,1,1,0,0,0
15812365,850,8,1,1,0,0
15616088,782,7,1,0,1,0
15803886,629,6,1,1,1,0
15587311,582,6,2,0,1,0
15617401,468,2,2,1,0,0
15775886,670,3,1,1,0,1
15807305,805,2,1,0,0,0
15761717,720,10,2,1,0,0
15628008,781,6,1,0,0,0
15583755,592,2,1,1,1,0
15661409,542,1,1,1,1,1
15774250,532,1,1,1,0,1
15681476,520,1,1,0,1,1
15654870,759,8,2,1,1,0
15790448,473,6,1,1,0,0
15785326,639,5,2,1,0,0
15592854,705,3,1,0,1,0
15617486,530,1,1,0,0,1
15806796,516,10,1,1,1,0
15644699,850,0,2,1,0,0
15622305,746,2,2,1,1,0
15608209,622,3,2,1,0,0
15626898,743,7,1,0,0,0
15644297,732,5,1,1,1,0
15731569,850,5,2,1,1,0
15582149,850,3,2,1,1,0
15802483,686,6,2,1,1,0
15686999,556,8,2,1,0,0
15772479,673,4,2,0,0,0
15778884,809,2,2,1,1,0
15623630,634,3,1,0,1,1
15774316,630,6,2,1,1,0
15695097,564,0,2,0,0,0
15645404,625,4,2,1,0,1
15750574,677,4,2,1,1,0
15636812,583,9,1,0,0,0
15712068,592,8,1,0,1,0
15652030,637,2,1,1,0,1
15577398,850,6,1,1,1,0
15756848,633,10,1,0,1,0
15806929,751,5,1,1,1,0
15656005,592,7,1,1,0,0
15722632,716,2,1,1,1,1
15794356,641,3,2,1,1,0
15659656,849,4,1,0,0,0
15588341,647,10,1,0,1,0
15709142,608,2,2,1,0,0
15627042,555,7,2,1,0,0
15627517,497,7,1,0,0,0
15803032,599,9,1,0,0,0
15665129,545,1,2,0,1,0
15628272,774,9,1,1,0,0
15678206,464,6,1,1,0,0
15678427,696,2,2,1,1,0
15678067,667,3,2,0,0,0
15793331,812,5,2,1,0,0
15699532,516,8,2,0,1,0
15605827,645,8,2,0,0,0
15643635,664,5,1,0,0,0
15787710,427,9,2,1,0,0
15614137,685,7,2,1,0,0
15754494,585,4,1,1,0,0
15713440,519,1,3,1,1,1
15803479,708,1,2,0,1,0
15709639,717,5,1,1,1,0
15601719,465,6,1,1,0,0
15772482,829,3,3,1,0,1
15591489,826,5,1,0,0,0
15629002,747,8,2,1,1,0
15798053,707,9,2,1,0,0
15753895,590,1,2,0,0,0
15595426,603,6,2,1,1,1
15645815,615,5,2,1,1,0
15632848,634,1,1,1,0,0
15703068,716,8,2,1,1,0
15791513,647,4,1,1,1,1
15587210,591,10,1,1,0,0
15793803,574,1,1,0,0,0
15787756,467,10,2,1,0,1
15723437,701,2,2,1,1,0
15702715,747,10,2,1,1,0
15809872,650,2,1,1,0,0
15644295,731,2,1,1,1,0
15778694,638,1,2,1,1,0
15759555,569,2,2,1,0,0
15631406,459,5,1,1,0,0
15616676,632,3,1,1,0,1
15771154,683,8,2,1,1,0
15669491,850,2,1,1,1,0
15697691,512,6,1,1,1,0
15665180,616,3,1,1,0,1
15752588,664,1,2,1,1,0
15743051,694,10,1,1,1,0
15571873,655,9,1,1,1,0
15679743,607,8,1,0,1,0
15769412,684,4,2,0,0,1
15775124,763,8,2,1,1,0
15732113,671,8,1,0,1,0
15578141,592,3,1,1,1,1
15595874,666,6,2,1,0,0
15755642,667,5,2,1,1,0
15576526,850,6,2,0,1,0
15792489,622,9,2,1,0,0
15733705,577,8,2,0,1,0
15807221,555,1,2,0,0,0
15573045,547,10,2,1,1,0
15756824,613,5,2,1,0,0
15773520,672,4,2,1,1,0
15627439,624,10,2,0,1,0
15701439,698,1,4,1,0,1
15785352,606,6,1,0,0,1
15616525,720,4,1,0,0,0
15717489,835,9,1,1,0,1
15795737,771,3,2,1,1,0
15693877,811,3,2,0,0,0
15576111,734,5,1,1,0,0
15595713,548,6,1,1,1,0
15808868,652,3,3,0,0,1
15708193,707,2,2,0,0,0
15697801,605,1,2,1,1,1
15770121,623,9,1,1,0,0
15800524,686,3,1,1,0,0
15686236,525,1,1,1,0,1
15659807,657,8,1,1,1,0
15736078,730,7,1,1,0,1
15620836,816,2,2,1,0,0
15698184,484,2,2,0,0,0
15717643,728,6,2,1,1,0
15776596,730,6,1,1,0,1
15814757,477,9,2,0,1,0
15812607,663,6,1,1,1,1
15663888,549,6,2,1,0,0
15748882,714,9,2,1,0,0
15690829,430,3,1,1,0,1
15695819,504,5,2,1,0,0
15696834,530,5,2,0,0,0
15797710,619,4,1,0,1,0
15700654,617,9,2,1,0,0
15583764,791,1,1,0,0,0
15688849,609,1,3,1,1,1
15661473,780,4,1,1,0,1
15601030,777,5,1,1,1,0
15789557,817,7,1,1,1,0
15745250,850,8,1,0,0,1
15590349,732,9,1,0,0,1
15741693,693,4,1,1,1,0
15618446,576,8,2,1,1,0
15766552,643,6,2,0,0,0
15668775,757,3,1,1,0,0
15757895,569,6,1,0,1,0
15774551,772,3,1,1,1,0
15684011,576,7,1,0,1,0
15736146,608,4,1,1,1,0
15656286,794,0,2,0,0,0
15774847,593,6,1,0,0,0
15619340,597,1,2,1,0,0
15815656,541,9,1,1,1,1
15623357,692,2,1,0,1,0
15601324,697,1,2,1,1,0
15715510,768,2,2,1,1,0
15663770,802,1,1,1,1,0
15779267,584,5,2,1,0,0
15597957,614,2,2,0,1,0
15584620,850,6,1,1,0,1
15750772,671,6,1,0,1,0
15706557,626,0,2,1,0,1
15594391,770,2,1,0,0,1
15661656,633,2,2,1,1,0
15631217,663,6,1,0,1,0
15588955,581,5,3,1,0,1
15758252,561,2,2,0,1,0
15740223,479,1,3,1,0,1
15805413,769,6,2,1,0,0
15635116,659,2,1,1,0,1
15764892,590,10,2,1,1,0
15795936,560,3,2,1,0,0
15655232,437,6,2,1,1,0
15640133,661,0,2,1,0,0
15751524,677,10,1,1,0,0
15670552,560,3,1,1,0,0
15623966,578,2,2,0,1,0
15752193,421,6,1,1,1,0
15607269,492,2,2,1,1,0
15700752,545,6,2,1,1,0
15777901,640,9,1,1,0,1
15639117,624,6,1,1,0,1
15720203,577,7,1,1,0,0
15586236,704,5,3,1,1,1
15676645,523,5,2,1,1,0
15715988,793,2,2,1,1,0
15603749,564,2,1,1,1,1
15608956,711,1,1,0,0,0
15733872,791,10,2,0,0,1
15666982,629,9,1,1,0,0
15602647,729,6,1,1,1,1
15623063,651,8,1,1,0,1
15682928,695,4,1,1,1,0
15729246,847,5,2,1,1,0
15588928,704,5,2,1,1,0
15803352,613,3,2,1,1,0
15607485,692,4,2,0,0,0
15656249,720,3,2,1,1,0
15761783,577,6,1,1,1,0
15716605,710,7,2,1,0,0
15757425,716,1,2,1,1,0
15603096,410,6,1,0,0,1
15588580,584,4,1,1,1,0
15770539,792,1,1,1,1,0
15572022,605,6,1,0,1,0
15571843,486,1,1,1,0,0
15752502,615,4,1,0,1,0
15609058,676,1,1,0,1,0
15775108,571,1,2,0,1,0
15708904,850,9,1,0,0,0
15600086,717,7,1,1,1,0
15814675,642,8,1,1,0,1
15572777,780,7,1,1,1,0
15585106,492,8,2,1,0,0
15738936,760,5,2,0,1,0
15750970,500,1,1,1,1,0
15725772,654,2,2,1,1,0
15692106,606,3,3,1,0,1
15791533,367,6,1,1,0,1
15715715,799,2,2,1,1,0
15785576,434,9,1,1,0,0
15798834,719,7,1,0,0,0
15744127,641,2,2,1,0,0
15637427,461,6,2,1,1,0
15576990,790,5,1,1,0,0
15615352,588,4,2,0,1,0
15647333,621,4,1,1,0,0
15572050,768,3,1,1,1,1
15581370,681,2,2,1,0,0
15813503,606,8,2,1,0,0
15769783,542,8,1,1,1,0
15793135,713,7,1,1,1,0
15599182,597,2,2,1,1,0
15689517,635,3,1,1,0,0
15641366,599,1,1,0,1,1
15588859,496,0,2,1,0,1
15732293,759,8,2,1,1,0
15568032,757,1,3,1,0,0
15623525,564,0,1,1,1,0
15606601,561,6,2,1,0,0
15800811,702,3,1,0,1,0
15610711,678,8,1,0,0,0
15809654,707,7,2,1,1,0
15576077,610,9,1,0,1,0
15643378,744,1,1,1,1,0
15566790,598,8,2,0,1,0
15774402,562,5,1,0,1,0
15694641,621,2,2,1,1,0
15605916,659,3,1,1,0,1
15812356,722,6,2,0,1,0
15644179,606,3,2,1,0,1
15771674,603,5,2,1,0,0
15623314,506,3,1,1,0,0
15613292,715,8,2,1,0,0
15813871,690,2,2,1,0,0
15759480,644,10,1,1,1,0
15587712,589,8,1,1,0,0
15671165,592,5,1,1,1,0
15620746,632,4,1,1,0,0
15706537,577,7,1,0,1,0
15589312,588,3,1,0,0,0
15741180,617,6,1,1,1,0
15733888,668,3,1,1,0,1
15798532,810,9,2,0,1,0
15577359,767,5,1,1,0,1
15614936,718,10,1,0,1,0
15747647,589,4,2,1,0,0
15588566,778,5,2,1,1,0
15570141,724,3,1,1,0,0
15800793,477,4,1,1,0,0
15572415,580,6,2,1,1,0
15635125,566,2,2,1,1,0
15636551,711,3,2,1,0,0
15600912,706,5,2,1,1,0
15768476,703,6,2,1,1,0
15650266,679,2,2,1,1,0
15621004,603,7,1,1,0,1
15748352,598,0,1,0,1,0
15788920,836,4,2,1,0,0
15743236,687,7,1,1,0,1
15637717,704,4,2,1,1,0
15635500,605,2,1,0,1,0
15634792,516,9,2,0,1,0
15607560,572,2,2,1,1,0
15727177,557,6,1,1,0,1
15774358,443,4,1,1,0,1
15791304,604,7,1,1,1,0
15603328,483,1,1,1,1,0
15804937,702,3,2,0,0,0
15804142,670,3,2,1,0,1
15608845,804,3,1,1,0,0
15702434,850,3,2,1,0,0
15632609,554,10,1,1,0,0
15603550,588,7,2,1,0,0
15755239,758,4,2,1,1,0
15670528,787,0,1,1,0,1
15732704,582,9,2,1,0,0
15589019,633,4,1,1,1,0
15677796,766,9,1,1,0,1
15760177,564,9,1,1,1,0
15636595,602,3,2,0,1,0
15737275,649,3,1,1,1,0
15672905,679,7,2,1,1,0
15753955,639,7,2,0,0,0
15708504,790,8,1,1,1,1
15592451,565,9,2,1,0,0
15790455,478,2,1,0,1,1
15572174,825,3,2,0,1,0
15656330,528,0,1,1,1,0
15569626,577,5,1,1,1,0
15608726,663,7,2,1,1,0
15637366,505,5,2,1,1,0
15778049,633,6,1,0,0,0
15727421,586,6,2,1,1,0
15688865,850,9,2,0,0,0
15751032,629,1,2,0,0,0
15734737,744,9,2,1,1,0
15746515,750,7,3,1,1,1
15664311,637,3,1,1,1,0
15708139,575,1,1,1,0,0
15768574,671,1,1,1,1,0
15738018,571,5,2,0,0,0
15699753,590,1,1,1,0,0
15703199,619,3,1,0,0,0
15627830,640,5,1,0,1,0
15570855,670,7,2,1,1,0
15772503,737,4,2,1,0,0
15584453,555,10,2,0,1,0
15710111,742,6,2,0,0,0
15618562,618,0,1,1,0,1
15706764,560,1,2,1,0,0
15798737,654,8,2,1,0,0
15712608,787,2,2,0,1,0
15636736,611,7,2,0,1,1
15703544,559,0,1,1,0,0
15815645,481,8,2,1,1,0
15705739,753,5,1,1,0,0
15709643,675,1,3,1,0,0
15669805,748,1,1,1,0,0
15737489,610,5,1,0,0,0
15775131,580,9,2,0,1,0
15765283,624,3,2,1,0,0
15628715,709,8,2,1,1,0
15813283,605,2,1,0,0,0
15745716,706,7,2,0,1,0
15598485,567,8,1,1,1,0
15696552,747,4,2,1,0,0
15754569,664,1,2,1,1,0
15701741,711,3,1,1,0,0
15572631,609,10,1,0,1,0
15636069,632,7,1,1,0,0
15682467,725,1,1,1,1,0
15790744,850,9,2,1,0,0
15625023,682,4,1,0,1,0
15731267,797,4,1,1,0,0
15742879,668,1,1,1,1,0
15757015,783,5,1,1,0,0
15770711,766,4,1,0,1,0
15569430,704,2,2,1,0,0
15617304,722,6,2,1,1,0
15704466,692,7,2,1,0,0
15664681,584,2,2,0,0,0
15605534,644,4,1,0,0,1
15792473,598,5,3,0,1,1
15802625,733,7,1,1,1,0
15766017,615,3,1,1,1,1
15762172,850,2,2,1,0,0
15728333,521,8,1,1,1,0
15792868,675,1,2,1,0,0
15605698,746,3,3,1,1,1
15777060,770,4,1,1,0,1
15626243,618,3,1,1,1,0
15719898,556,7,2,1,1,0
15599976,749,9,2,1,0,0
15752809,702,6,1,1,0,0
15589698,555,6,1,1,1,1
15609977,587,6,1,1,0,0
15750121,639,3,1,1,0,0
15734177,643,4,2,1,1,0
15781347,600,1,2,1,1,0
15592025,651,7,2,1,1,0
15670163,666,4,2,0,0,0
15765402,520,6,1,0,0,0
15624343,650,7,1,0,0,0
15602354,564,3,1,1,0,0
15579183,586,1,2,1,1,0
15584899,617,5,2,0,1,0
15723658,712,6,2,1,0,0
15803965,654,3,1,1,1,0
15682489,605,9,2,1,0,0
15813645,491,0,1,1,1,0
15766787,707,9,2,1,1,0
15687171,638,5,1,1,0,0
15690744,683,2,2,1,0,0
15707974,815,2,1,1,0,0
15673084,645,1,1,0,1,0
15814772,645,4,1,0,1,0
15743709,683,4,1,1,1,0
15610343,705,10,2,1,1,1
15737414,647,4,1,1,0,0
15788480,786,0,1,0,0,1
15568519,534,9,2,1,0,0
15792453,602,1,1,1,1,0
15658100,695,0,2,0,1,0
15695197,553,7,2,1,0,0
15749807,516,3,2,1,0,0
15773876,655,3,2,1,0,0
15591698,849,9,1,1,0,1
15712813,520,3,3,0,1,1
15763898,568,3,2,1,1,0
15793324,695,9,3,0,1,0
15757759,807,7,3,1,0,1
15796230,642,2,3,1,1,1
15611729,703,1,1,1,1,1
15709531,556,2,1,1,0,0
15650751,585,6,2,1,1,0
15641413,587,7,2,1,0,1
15753840,524,6,1,1,1,1
15669994,556,1,2,1,0,0
15695301,504,4,1,1,1,0
15792004,731,3,2,1,0,0
15603035,651,3,2,1,1,0
15717286,675,8,1,1,0,1
15577107,657,6,3,0,1,1
15754747,686,9,2,0,1,0
15705676,690,9,2,0,0,0
15751912,567,7,2,0,1,0
15677336,557,1,1,1,0,1
15684395,446,10,1,1,1,1
15659949,850,1,2,1,0,0
15812422,637,2,2,0,1,0
15806941,499,7,2,1,1,0
15637690,622,7,1,1,0,1
15632882,684,1,2,1,1,1
15807107,612,3,1,1,0,0
15661034,813,5,1,0,0,1
15811958,850,2,2,0,0,0
15785167,795,4,2,0,0,0
15646720,628,7,3,1,0,1
15658614,565,7,2,1,1,0
15704657,601,3,1,1,0,1
15567147,802,4,2,1,1,0
15701319,614,6,2,1,1,1
15745266,434,6,1,0,1,1
15650437,522,8,2,1,1,0
15764314,550,2,2,1,0,0
15612594,599,3,2,1,1,0
15593501,493,5,2,1,0,0
15804150,755,3,2,1,1,0
15649297,605,4,2,0,1,0
15641110,708,0,1,1,0,0
15660608,699,8,1,1,0,0
15806570,763,4,1,1,0,1
15715345,743,6,2,1,0,0
15755521,660,0,2,0,1,1
15579074,619,10,1,1,1,0
15641158,739,3,1,1,0,1
15752507,769,9,1,1,0,1
15597983,692,10,1,1,1,0
15586069,560,0,1,1,0,0
15655082,607,4,3,1,0,1
15720155,630,6,1,0,1,1
15582116,767,7,2,1,0,1
15749365,543,8,2,0,1,0
15632069,776,8,2,1,0,0
15663134,535,1,2,1,1,1
15766683,549,6,1,0,0,1
15707219,844,4,2,0,1,0
15709232,586,5,2,1,1,0
15801351,583,3,2,1,0,0
15578747,701,5,1,0,1,0
15675626,726,2,1,0,0,0
15583736,829,4,2,1,0,0
15590011,749,9,1,1,1,0
15609913,743,9,1,1,0,0
15719479,619,7,2,1,1,0
15575147,699,9,1,1,0,1
15597309,749,7,2,0,0,0
15648367,600,6,2,1,1,0
15758031,760,3,1,0,1,0
15751771,528,2,1,0,1,0
15689288,630,5,2,1,0,0
15731026,683,2,2,1,0,0
15775809,677,6,1,0,1,0
15743076,669,9,1,1,1,0
15658258,693,6,1,1,0,0
15756321,612,5,1,0,0,1
15706799,719,4,1,0,0,1
15775703,702,2,1,1,1,1
15642636,755,9,1,1,1,0
15704651,514,1,2,0,0,0
15806771,753,0,2,1,0,1
15566735,548,2,2,1,1,0
15681671,850,2,2,1,1,0
15775949,612,7,1,1,1,0
15586752,628,8,1,1,1,0
15582519,479,6,1,0,1,1
15658233,724,5,1,0,1,0
15755330,512,7,1,0,1,1
15605072,638,3,1,1,1,1
15617538,834,7,2,0,0,0
15591428,781,9,2,0,0,0
15692142,707,7,1,1,1,1
15692931,670,2,1,1,1,0
15781127,663,8,1,1,1,0
15677136,624,5,2,0,0,0
15677828,598,4,2,0,0,0
15567897,619,5,1,1,1,0
15793641,792,3,2,1,1,0
15678333,683,7,2,1,0,0
15630511,691,6,2,1,0,0
15792627,765,5,1,1,1,0
15717191,508,1,2,1,1,1
15625716,637,9,1,0,1,0
15710053,667,5,2,0,1,0
15580043,575,8,1,1,1,0
15601410,744,1,3,1,1,1
15684669,567,9,1,1,0,1
15619083,502,6,2,1,1,0
15692207,609,6,2,1,1,0
15730705,715,9,1,1,0,0
15749688,541,8,2,0,0,0
15728542,850,4,2,1,1,0
15760063,595,7,2,1,1,0
15658982,650,5,3,0,1,1
15758769,625,7,1,1,0,0
15778481,817,1,1,1,1,0
15661162,526,2,1,1,0,1
15568164,850,4,2,1,1,0
15601569,598,2,1,1,0,1
15772383,613,9,1,0,0,0
15667456,709,3,2,1,1,0
15672983,678,5,2,1,0,0
15799534,720,5,2,1,1,0
15582847,662,0,2,0,1,0
15612478,525,10,3,1,0,1
15709621,662,3,2,0,1,0
15802009,770,6,2,1,1,0
15698816,721,4,1,1,1,0
15574830,633,2,2,1,0,1
15603082,701,9,2,0,0,0
15685947,556,0,2,0,1,1
15643048,639,0,2,0,1,0
15807568,632,2,2,0,0,0
15597591,456,5,1,1,1,0
15747558,729,10,2,1,0,0
15756655,632,2,2,0,0,0
15589949,433,9,1,1,0,0
15601012,802,3,1,1,0,1
15724269,670,7,2,1,1,0
15567506,738,6,2,1,1,1
15791877,706,0,2,1,1,0
15794360,592,5,2,1,0,1
15686538,522,7,2,0,1,0
15585985,746,5,1,1,0,1
15699257,651,2,2,1,0,0
15804104,494,9,2,0,1,0
15727619,753,9,3,1,0,1
15740237,671,2,1,0,0,0
15801436,696,4,1,0,0,1
15705735,577,3,2,1,1,0
15649359,587,1,2,0,1,0
15624892,712,7,2,1,0,0
15784918,498,2,2,0,1,0
15584785,660,2,1,1,0,0
15797197,678,6,2,1,0,0
15574858,530,8,2,1,1,0
15794101,559,2,2,0,1,0
15743245,624,3,1,1,0,1
15791535,592,5,1,0,0,0
15605215,767,9,2,0,1,0
15771749,653,5,2,1,1,0
15616833,678,2,2,1,1,0
15750728,586,2,1,1,0,0
15769353,550,8,1,0,0,1
15770091,643,9,2,1,0,0
15716420,612,5,1,1,1,0
15740602,674,4,1,0,1,0
15796071,657,7,1,1,0,0
15811389,724,0,2,0,1,0
15783875,500,4,2,1,0,0
15671800,688,8,2,1,1,0
15677288,599,3,1,0,0,1
15633525,631,7,2,0,1,0
15634606,634,1,2,1,1,0
15579207,545,3,1,1,0,0
15619892,644,8,2,1,0,0
15567778,690,1,1,1,1,1
15711750,711,6,2,1,1,0
15751084,712,8,1,1,1,0
15768945,627,1,1,1,1,0
15586931,694,3,1,1,1,0
15636353,534,4,2,0,0,0
15623858,603,9,1,0,0,0
15703354,808,2,1,1,0,0
15663987,723,1,3,1,0,1
15780805,585,2,2,1,0,1
15768566,706,8,2,1,1,0
15643229,671,6,2,1,1,0
15754940,597,2,1,0,1,1
15676576,646,8,1,1,0,0
15800068,801,6,2,1,1,0
15648030,731,5,2,1,0,0
15668594,620,1,1,1,1,0
15728709,484,7,2,0,0,0
15724181,647,5,2,1,1,0
15647546,688,8,2,0,1,0
15702601,680,4,2,0,1,1
15567725,689,7,2,1,1,0
15674179,513,7,1,0,0,0
15686957,553,2,2,1,0,0
15607690,689,2,2,0,0,0
15806546,517,4,1,1,0,0
15632850,731,8,2,1,1,0
15709016,687,1,1,0,0,1
15638068,507,7,2,1,0,0
15749345,468,1,1,1,1,0
15791321,682,4,1,1,0,0
15699095,603,3,1,1,1,1
15638329,522,1,1,1,1,0
15575445,629,10,1,0,0,0
15752622,729,7,1,0,1,0
15774507,574,5,1,1,0,0
15570857,677,0,2,1,1,0
15599386,627,5,1,1,1,0
15744913,788,10,1,1,1,0
15647292,697,7,1,0,0,1
15728838,578,1,1,1,0,1
15584704,519,10,1,1,0,0
15749068,632,9,1,1,0,1
15622985,679,4,1,0,0,1
15587676,699,9,1,1,1,0
15779496,615,0,2,0,1,0
15733460,622,9,2,1,1,0
15711457,755,7,1,0,1,0
15795290,767,2,1,1,0,0
15611223,752,10,2,1,0,0
15794159,633,8,1,1,1,0
15780677,717,4,2,1,1,0
15690175,585,0,2,0,0,0
15722599,751,9,2,0,0,0
15569976,754,1,1,1,1,1
15707011,495,10,1,1,0,0
15702277,650,4,1,0,1,0
15801915,529,6,1,1,0,0
15580213,585,2,2,1,0,0
15637947,668,1,1,0,1,0
15715888,591,2,1,0,1,0
15732967,731,6,2,1,1,0
15737047,754,6,1,1,0,1
15694039,650,9,2,1,0,0
15649457,588,2,2,0,1,0
15742809,712,7,1,1,0,0
15637829,691,7,2,0,1,0
15633194,771,10,4,1,1,1
15611635,678,6,1,0,1,0
15638774,719,9,2,1,0,0
15722037,610,7,1,0,1,0
15672930,722,9,2,1,0,0
15668774,758,5,1,1,0,1
15780966,709,2,2,0,0,0
15659694,634,3,2,1,1,1
15624424,678,1,2,1,1,0
15708713,633,3,2,1,1,0
15755405,710,9,1,1,0,1
15647570,640,8,1,0,0,0
15684348,656,8,2,0,1,0
15702541,551,2,1,1,0,1
15646942,786,7,2,0,0,0
15748920,561,8,2,1,1,0
15694581,807,5,2,1,1,0
15643215,602,2,2,0,0,0
15649060,727,3,2,1,0,0
15774258,678,1,2,1,1,0
15731553,730,8,2,1,0,0
15617029,596,1,2,1,0,0
15780716,686,3,2,1,1,0
15577018,684,2,1,0,0,0
15809515,797,1,1,1,0,0
15789924,658,4,1,1,1,0
15725076,653,6,2,1,1,0
15672481,641,6,2,1,0,0
15574115,656,6,2,1,1,0
15661830,750,6,2,1,1,0
15665879,768,8,2,0,1,0
15673820,568,7,2,1,0,0
15747772,706,9,2,1,0,0
15666197,430,8,1,1,0,0
15773639,745,4,1,1,0,0
15581893,747,1,1,0,1,1
15672447,657,7,1,0,1,1
15777830,639,4,2,0,0,0
15713890,704,3,2,0,1,0
15577598,651,4,2,1,0,0
15786042,706,2,2,1,0,0
15753462,632,2,2,0,1,0
15759690,751,4,2,1,1,0
15801414,767,2,2,0,0,0
15656141,741,5,1,0,1,0
15608701,651,3,1,1,0,1
15582892,601,2,1,1,1,1
15632967,520,3,2,1,1,0
15587573,626,4,2,0,1,0
15654891,811,6,2,1,1,0
15611365,730,9,1,0,0,0
15749103,604,4,1,0,1,1
15810203,499,6,2,1,0,0
15813660,754,2,1,0,1,0
15605673,716,8,2,0,0,0
15669282,636,10,1,0,0,0
15792726,470,8,2,1,1,0
15593241,444,3,2,1,1,0
15683053,809,2,1,1,0,1
15632736,850,3,2,1,1,0
15731865,637,1,2,1,0,0
15760450,512,1,2,1,1,0
15787204,774,1,1,0,0,0
15650454,641,5,2,1,1,0
15573730,586,6,2,1,0,0
15705050,611,9,2,1,1,0
15791342,660,1,1,1,1,0
15684316,532,9,2,0,0,1
15700540,557,2,1,0,0,0
15770631,730,5,1,1,1,0
15790594,535,6,2,0,1,0
15604020,773,4,1,0,1,0
15637599,510,4,1,1,0,1
15736578,539,1,1,1,1,0
15666332,690,2,2,1,1,0
15727291,821,1,2,1,0,0
15785920,687,1,2,1,1,0
15658987,557,4,2,1,1,0
15687719,532,5,2,0,1,0
15799641,540,2,2,1,0,0
15758702,705,8,2,1,1,0
15689526,542,9,2,1,0,1
15586848,706,1,2,1,0,0
15707637,765,1,1,1,0,1
15719426,529,8,2,1,1,1
15639265,714,7,1,1,0,0
15576124,582,1,1,1,0,0
15757829,609,10,2,1,0,0
15633227,518,9,1,0,0,0
15753092,791,5,1,1,1,1
15782939,747,4,1,1,0,1
15746338,565,2,2,1,1,0
15590676,735,1,1,1,0,0
15599329,697,7,4,0,1,1
15783097,813,6,1,1,0,0
15597885,772,6,2,1,1,0
15597467,606,8,2,1,1,0
15724764,667,10,2,0,0,0
15778418,637,9,1,1,1,1
15684769,542,10,1,0,1,0
15756167,762,5,1,1,1,0
15632439,698,4,2,0,1,0
15755138,850,8,2,1,1,0
15659092,621,5,2,1,0,1
15742116,671,9,2,0,0,0
15801994,775,9,2,1,0,0
15647572,504,0,1,1,1,0
15644551,751,3,2,1,0,0
15709135,691,7,2,0,0,0
15684469,841,2,1,1,0,0
15627637,709,8,2,1,0,0
15667093,673,2,1,1,1,0
15690589,541,9,1,0,1,0
15595350,661,3,2,1,0,0
15777586,784,2,2,1,0,0
15804064,742,2,1,1,1,0
15717770,850,7,1,0,0,1
15754443,443,9,1,1,0,1
15776939,778,3,2,1,0,0
15713517,529,6,2,1,0,0
15683522,678,2,1,1,1,0
15673995,516,9,1,1,0,0
15771054,469,5,2,1,0,0
15578788,786,6,2,0,0,0
15737408,703,6,1,1,0,0
15750837,579,0,1,0,1,0
15576022,565,5,2,0,1,0
15635502,443,2,1,1,0,0
15627298,589,7,2,1,0,1
15811415,691,6,2,1,1,0
15645059,711,8,2,0,0,0
15689671,775,4,1,1,1,0
15718667,621,7,1,1,0,0
15803202,350,10,1,1,1,1
15593683,668,8,2,1,0,0
15703394,633,3,2,1,0,0
15570289,697,8,1,1,0,1
15567437,734,7,1,1,1,0
15711687,434,4,1,0,1,0
15656592,646,8,2,1,1,0
15634373,764,5,2,0,1,0
15769125,727,10,2,0,1,0
15711386,724,6,2,0,1,0
15714241,749,9,1,0,0,1
15642530,706,10,1,1,0,1
15713599,728,10,1,0,1,0
15744770,636,2,2,0,0,0
15780498,634,3,1,1,1,0
15624397,627,8,1,0,1,0
15615219,518,5,1,0,1,0
15570908,687,7,1,0,1,0
15762855,622,8,2,1,1,0
15661827,693,4,2,1,1,0
15746035,450,9,2,0,1,0
15691906,664,5,2,1,0,1
15793424,663,8,2,1,0,0
15577905,660,8,2,0,1,0
15667216,579,10,2,1,1,0
15673971,655,6,1,1,0,1
15701238,683,1,2,1,0,0
15644849,655,2,1,1,1,0
15635531,575,8,2,1,0,0
15632263,574,5,1,1,0,0
15720110,795,2,1,1,1,0
15619045,776,4,2,0,1,0
15697510,707,7,1,1,0,1
15784923,705,3,1,1,1,1
15567383,678,2,2,0,1,0
15732621,663,10,1,1,1,0
15757981,748,8,1,1,1,0
15727819,677,10,1,1,1,0
15738088,634,10,2,1,0,1
15765173,350,3,1,0,0,1
15665159,727,0,2,1,1,1
15618203,773,8,2,1,1,0
15791452,675,1,2,1,0,0
15638159,649,6,1,0,0,0
15585466,552,10,2,1,0,0
15677310,761,5,1,0,0,1
15646262,622,7,1,1,0,0
15656901,615,8,2,1,1,0
15621093,681,4,2,0,0,0
15592123,768,6,2,1,1,0
15589200,617,9,2,1,0,0
15602934,452,6,2,1,0,0
15812720,807,10,2,0,1,0
15695383,567,9,2,1,0,0
15723064,603,1,2,1,0,0
15761606,617,9,1,1,0,0
15650322,701,3,1,0,1,0
15669782,820,9,1,1,0,1
15751628,438,7,1,0,1,0
15809057,600,6,2,1,1,0
15617052,782,9,1,1,0,1
15590810,638,9,1,1,0,1
15801293,850,1,2,1,1,0
15770968,741,8,2,1,0,0
15572356,689,1,1,0,1,0
15603247,743,1,1,1,0,0
15619116,493,2,2,0,1,0
15691792,416,8,1,0,0,0
15783276,725,9,2,1,1,0
15766137,497,2,2,1,1,0
15574554,537,8,2,1,1,0
15578671,706,1,1,1,1,1
15716608,651,2,3,1,0,1
15690670,720,2,2,0,1,0
15630466,797,8,1,0,0,0
15630349,543,5,2,1,0,0
15803801,454,4,2,1,0,0
15647890,691,9,1,1,1,0
15606115,510,6,1,1,1,1
15714642,792,7,1,1,0,0
15741181,721,6,1,1,1,0
15773973,765,2,2,0,1,0
15758546,850,8,2,1,1,0
15598940,681,6,2,1,1,0
15669783,586,3,2,0,1,1
15624993,753,7,1,1,1,1
15760568,593,5,2,0,1,0
15699047,674,9,2,1,1,0
15616168,610,7,1,1,1,0
15773146,652,3,2,0,1,0
15770375,850,8,1,1,0,0
15589725,740,4,2,1,1,0
15710034,637,1,2,0,1,1
15800806,685,7,2,1,1,0
15570485,558,4,1,0,0,0
15575391,677,3,2,1,1,0
15790750,592,10,1,0,1,0
15714832,652,9,1,0,0,0
15619953,662,6,1,1,0,0
15673929,543,4,2,1,1,0
15578835,675,1,1,0,1,0
15752388,643,6,2,1,1,0
15797081,611,9,2,1,1,1
15570194,412,5,2,0,0,0
15580149,638,7,2,1,0,0
15777708,824,3,2,1,0,0
15769955,683,1,2,0,0,0
15810444,562,6,1,1,0,1
15645593,599,2,1,1,0,0
15765345,753,4,2,1,1,0
15760873,594,7,1,1,1,0
15794178,657,3,1,1,0,0
15589361,716,9,1,1,1,0
15662483,850,7,2,1,1,0
15809736,664,2,1,1,1,1
15731148,558,0,1,1,1,1
15774328,606,1,2,1,1,0
15646969,776,2,2,1,1,0
15718769,557,1,1,1,0,0
15610226,614,9,2,0,0,0
15616270,620,4,1,0,1,0
15790717,695,7,2,1,0,0
15635703,729,1,1,1,1,0
15616365,571,2,2,1,0,0
15630244,457,10,2,1,0,0
15734714,559,3,1,1,0,0
15721433,664,4,2,1,0,0
15590201,500,5,4,1,1,1
15590828,782,7,1,1,0,0
15752097,708,8,1,1,0,0
15800031,681,3,1,1,1,1
15630857,674,6,2,1,1,0
15689953,697,10,1,0,0,0
15759733,774,5,2,1,1,0
15810826,624,6,2,0,0,0
15668009,747,1,2,0,1,0
15743456,715,10,2,1,0,0
15725762,808,4,1,1,0,0
15761713,678,7,1,0,0,0
15769246,813,2,1,1,0,1
15781129,687,8,2,1,1,1
15599124,832,5,2,1,0,0
15639004,668,2,2,1,1,0
15810995,526,3,1,1,1,0
15653773,457,7,1,1,1,0
15708357,649,8,1,1,0,0
15733597,669,0,2,0,0,0
15789560,668,8,1,1,1,1
15699524,466,3,1,1,0,0
15626475,685,2,2,1,1,0
15810839,610,0,1,0,0,0
15684318,582,6,2,1,1,0
15768120,702,9,2,1,0,0
15712807,556,3,1,1,1,1
15696371,812,1,1,0,0,0
15675794,645,9,1,1,0,1
15774277,809,2,2,1,1,0
15603764,560,4,1,1,1,1
15618647,744,1,1,1,1,0
15614643,731,2,2,1,0,0
15707696,471,5,2,1,1,0
15749583,686,2,3,0,0,1
15815125,668,4,2,1,1,0
15779620,575,1,1,0,1,0
15768233,435,8,1,0,1,1
15637788,743,3,1,1,0,0
15777046,580,9,1,1,0,0
15788723,599,10,2,1,1,1
15790489,534,5,1,0,1,0
15739476,680,5,1,1,1,0
15612670,631,10,2,1,1,0
15631222,485,2,1,1,1,0
15658972,699,8,1,1,0,0
15724691,712,1,2,1,1,0
15740442,603,8,1,1,0,1
15760427,850,6,1,1,0,0
15677939,584,3,2,1,1,0
15611599,604,2,2,1,1,0
15633474,586,2,1,1,1,0
15671973,467,5,2,1,1,0
15790019,520,9,1,1,1,0
15737735,683,4,1,1,1,1
15661745,557,3,1,0,1,0
15797065,613,0,2,0,1,0
15710671,786,3,1,0,0,0
15656522,593,10,1,1,0,0
15705085,670,9,2,1,0,0
15744873,657,5,1,0,0,1
15781914,718,9,2,1,1,0
15637354,623,7,2,1,1,0
15717307,496,5,2,1,0,0
15746695,429,6,1,1,0,0
15804962,606,1,1,1,1,1
15665378,499,6,2,1,0,0
15757865,642,7,2,1,1,0
15578787,641,4,1,1,0,1
15794323,673,8,1,1,0,0
15697546,570,3,2,1,0,0
15629519,472,1,2,1,1,0
15624703,550,9,2,1,0,0
15570002,625,8,4,0,0,1
15808566,516,2,2,1,1,0
15805463,682,2,2,1,1,0
15709136,620,8,2,1,1,0
15801605,626,0,2,1,1,0
15567855,623,1,2,0,0,0
15675141,569,4,1,1,0,0
15665759,724,5,1,1,1,0
15761487,678,5,1,0,1,1
15700394,713,4,2,1,0,1
15631162,631,10,2,0,1,0
15630641,846,6,1,1,1,0
15585066,660,1,1,0,1,1
15722991,567,9,1,0,0,1
15737404,731,1,1,1,1,0
15722409,693,8,1,1,1,0
15806420,772,9,2,1,0,0
15658148,657,7,2,1,0,0
15810660,774,4,2,0,1,0
15709780,667,9,2,1,1,0
15727350,516,8,1,0,0,0
15752312,551,1,2,1,1,0
15616745,542,2,1,1,1,0
15572294,623,7,1,0,0,0
15674110,701,2,1,0,1,0
15662501,583,3,1,1,0,1
15649239,731,10,2,1,0,0
15700424,461,5,1,1,1,0
15636388,702,7,1,1,0,0
15713975,565,10,1,1,0,1
15592925,711,3,3,0,1,1
15581626,664,8,1,1,1,1
15641319,518,4,1,0,0,1
15723481,728,8,2,0,1,0
15787825,585,6,1,1,1,0
15710726,573,8,2,0,1,0
15627195,568,1,2,1,0,0
15657957,602,8,1,1,0,1
15676117,603,9,1,1,0,0
15607874,687,0,1,0,1,0
15796993,741,1,2,0,0,1
15649858,469,9,1,1,1,0
15811032,477,8,1,1,1,0
15679963,737,8,1,0,0,0
15579131,835,7,2,1,1,0
15572428,717,0,1,1,1,0
15622461,562,7,2,0,0,0
15636105,758,2,2,1,1,0
15583849,408,3,2,0,0,0
15718780,650,4,1,1,1,0
15739271,582,2,1,1,1,0
15697129,706,1,2,1,0,0
15763415,567,0,1,1,1,0
15796617,720,2,2,1,0,0
15626628,631,2,2,1,0,0
15765857,623,2,1,1,0,0
15742511,514,3,1,1,0,0
15786433,650,3,2,1,1,0
15685805,673,6,2,1,0,0
15627971,504,8,1,0,0,0
15783025,723,3,2,1,0,0
15726289,645,0,1,1,0,0
15802118,664,7,1,1,1,0
15607990,760,6,1,1,1,0
15695932,766,5,1,0,1,0
15812279,634,5,2,0,0,0
15687558,640,10,1,1,0,0
15729065,784,2,2,1,1,0
15698902,547,1,1,1,0,1
15570192,608,8,1,0,0,0
15809265,547,4,1,1,1,0
15745201,612,4,2,1,1,0
15580623,573,8,2,0,0,0
15578156,615,5,1,1,1,0
15631063,710,2,2,1,0,0
15692577,674,10,1,1,0,0
15810910,702,9,2,1,1,0
15723217,616,9,1,1,0,0
15733111,688,6,1,1,1,0
15610727,605,7,1,1,0,0
15792720,676,6,1,0,0,0
15723153,708,3,2,1,0,0
15802823,745,7,2,1,1,0
15756118,661,8,1,1,0,0
15684934,726,9,2,1,1,0
15776936,475,7,1,0,1,1
15729087,751,9,2,0,1,0
15786463,645,8,2,0,0,1
15717498,775,6,2,0,1,0
15718406,540,3,2,1,0,0
15799468,591,3,1,0,0,0
15626383,596,7,1,0,1,0
15597385,573,5,2,0,1,0
15570271,577,6,1,1,1,0
15690330,830,8,1,0,1,0
15680611,663,9,3,1,1,0
15810227,421,2,2,1,1,0
15807194,718,5,2,1,0,0
15712199,655,2,2,1,1,0
15694995,712,2,2,0,1,0
15723400,663,4,2,1,1,0
15654772,640,6,2,0,1,1
15574743,577,2,1,1,1,0
15807593,546,7,1,0,0,0
15686718,802,9,1,0,1,0
15695299,590,2,1,1,0,0
15722701,594,1,1,1,0,0
15799635,577,2,1,0,0,1
15742323,541,7,2,1,0,0
15658435,781,5,2,0,0,0
15586029,806,2,2,1,0,0
15772337,723,0,1,1,1,1
15807555,535,2,2,1,0,0
15603378,768,3,1,0,1,0
15792862,653,1,1,1,0,1
15657349,803,8,1,0,0,1
15777614,545,1,2,1,1,0
15653952,581,3,1,1,1,0
15724336,513,5,1,1,0,0
15689594,731,5,1,0,0,0
15801920,727,5,2,0,0,0
15653347,560,1,1,0,0,1
15749951,766,5,1,1,0,1
15648178,630,4,1,0,1,0
15738662,652,9,1,1,0,0
15640855,729,5,2,1,0,0
15584288,629,6,2,1,1,0
15760988,667,9,2,0,0,0
15569624,671,6,2,1,0,0
15597949,768,5,1,1,0,1
15604551,732,3,2,1,0,0
15617476,546,5,2,0,1,0
15645323,630,2,1,1,1,1
15793311,765,8,2,0,1,1
15764153,704,0,2,1,1,0
15802560,470,6,1,1,1,0
15728608,688,9,2,0,1,0
15770474,685,1,3,0,1,1
15724444,567,1,2,1,1,0
15753110,720,3,2,1,0,1
15711521,609,3,1,1,1,0
15632816,521,2,1,1,1,0
15693637,556,7,2,1,1,0
15725509,662,5,2,1,1,0
15684645,704,9,2,1,0,0
15692235,750,1,2,1,0,0
15777459,619,4,2,1,1,1
15656937,468,1,1,1,0,0
15610643,435,3,1,1,0,0
15777315,529,6,2,0,0,0
15611058,702,5,2,1,1,1
15630413,608,5,2,1,1,0
15635942,576,9,2,1,0,1
15648858,666,1,1,0,1,0
15810732,730,8,2,1,0,0
15705448,647,7,1,1,1,1
15730488,516,1,1,0,1,0
15620443,711,6,2,1,1,0
15741078,736,7,2,0,1,0
15753161,768,5,2,1,0,0
15711396,427,8,2,1,1,0
15593499,686,6,1,1,0,1
15579189,690,5,2,0,1,0
15743545,647,2,2,1,0,0
15791316,714,3,2,1,1,0
15608246,736,8,1,1,1,1
15676526,608,4,1,1,1,0
15813911,809,5,1,1,0,0
15630195,745,6,1,1,1,0
15736250,781,2,1,0,1,1
15671334,527,4,1,1,0,0
15574169,595,0,1,1,0,0
15718839,850,2,2,0,1,0
15762331,569,9,1,1,0,0
15606901,728,7,2,1,0,0
15713559,473,5,2,1,1,0
15768881,738,2,2,1,1,0
15743075,659,6,2,1,1,0
15660980,597,6,2,1,1,0
15810942,445,2,1,0,1,0
15728362,671,3,2,1,0,0
15683339,656,6,1,1,0,1
15685476,658,5,1,0,1,0
15663650,698,10,3,1,0,1
15617434,655,9,1,0,1,0
15622470,772,10,1,1,1,0
15703682,681,10,1,0,0,0
15727391,688,9,2,1,0,0
15711062,633,5,2,1,1,0
15567339,735,9,1,1,1,0
15760662,521,2,1,1,1,0
15605737,541,5,2,1,0,0
15692977,612,2,2,0,0,0
15672082,562,3,2,1,0,0
15600280,703,6,2,0,0,0
15804052,710,6,2,1,1,0
15576065,731,5,1,1,1,1
15796838,703,4,1,0,1,0
15693526,618,0,1,1,0,0
15748595,689,1,2,1,1,0
15679029,718,7,1,0,0,0
15753639,608,5,2,0,0,0
15604138,749,2,1,0,0,1
15666095,753,4,2,0,1,1
15643487,630,10,1,0,0,1
15764033,693,1,1,1,0,1
15747288,838,6,1,0,1,1
15790599,756,5,2,1,1,0
15737705,775,4,1,1,0,0
15737194,635,5,2,1,0,0
15726776,705,1,1,1,1,0
15804357,481,3,1,1,1,0
15664432,727,7,1,1,0,1
15688984,595,4,1,1,0,0
15583026,535,0,1,1,0,0
15771668,578,10,1,0,0,1
15779904,597,5,2,1,1,0
15784323,449,7,2,0,0,0
15756277,850,8,2,1,0,0
15663312,494,9,2,1,0,0
15793197,676,8,1,0,0,0
15731463,818,10,1,1,1,0
15621768,712,6,1,0,0,0
15691323,672,4,2,1,0,0
15781326,636,9,1,0,0,0
15595640,698,8,2,0,0,0
15814331,597,7,2,1,0,0
15602030,717,4,1,1,1,0
15747974,614,1,2,1,0,0
15611315,708,4,1,1,0,0
15636977,507,9,3,1,0,1
15690337,581,5,2,1,0,0
15680666,579,2,2,1,0,0
15679551,504,2,1,1,1,1
15778915,737,7,2,0,1,0
15568849,540,10,1,1,1,0
15747762,609,7,1,0,0,0
15753679,778,4,2,1,1,0
15750049,621,10,1,0,0,0
15606097,665,7,1,1,1,1
15802368,608,6,1,1,1,0
15767488,680,7,2,1,0,0
15669946,663,2,1,1,1,0
15612103,627,2,1,1,1,1
15645353,607,1,1,1,0,0
15650018,681,8,1,0,0,0
15659002,766,6,2,0,0,0
15616028,694,2,3,0,1,0
15660475,411,9,1,0,1,0
15652615,742,8,1,1,1,0
15653572,673,8,1,0,1,1
15628059,529,1,2,1,1,0
15703413,519,7,1,1,0,0
15610433,573,9,2,1,0,0
15770548,453,3,1,1,0,0
15645637,798,6,1,1,1,0
15590888,693,10,2,0,0,0
15568326,637,2,2,1,0,0
15655368,672,1,1,0,0,0
15665579,597,0,1,1,0,0
15676091,543,7,1,1,1,0
15716984,695,4,2,1,0,0
15715078,584,6,2,1,1,0
15569452,652,3,2,0,1,0
15628863,601,4,1,1,1,0
15778192,628,4,2,1,1,0
15793723,607,9,2,1,0,0
15798943,646,8,2,1,0,0
15764708,572,6,1,1,0,0
15791040,801,1,2,1,1,0
15631512,597,8,1,1,0,0
15640106,613,7,1,0,0,0
15710315,529,4,1,0,0,1
15771535,794,9,2,1,0,0
15611947,557,3,1,1,0,0
15670266,499,4,1,1,1,0
15609083,544,6,1,1,0,1
15567923,739,6,1,0,0,0
15788183,458,1,2,1,0,0
15735782,528,9,1,1,0,0
15774401,773,4,2,0,0,1
15737971,646,5,2,1,0,0
15758750,564,0,1,1,1,0
15611767,624,0,1,0,0,1
15643770,682,5,1,1,0,1
15744717,726,2,2,1,1,0
15570681,560,1,1,1,0,0
15792650,382,0,1,1,1,1
15605531,457,6,2,1,0,0
15605339,673,10,2,1,1,0
15672216,584,4,1,0,0,0
15812893,629,10,2,1,1,1
15624180,584,10,4,1,1,1
15701364,724,10,2,1,1,0
15762588,644,5,2,1,1,0
15806318,676,2,1,1,0,1
15712596,499,4,1,1,0,0
15600399,598,4,1,1,0,1
15576216,655,4,1,1,0,1
15620750,559,3,1,1,1,0
15623489,543,0,1,1,1,0
15667944,679,0,1,0,1,0
15584928,594,4,2,1,1,0
15779913,586,5,2,1,1,0
15644977,776,5,2,1,0,0
15749679,699,2,1,1,1,0
15629010,847,5,1,1,1,0
15768465,582,8,2,1,1,0
15767781,648,10,1,1,0,0
15635364,618,9,3,1,1,1
15722004,543,4,1,0,0,0
15766044,642,4,1,1,0,1
15586680,462,4,1,1,0,0
15635388,640,6,1,1,0,0
15655175,740,4,2,1,0,1
15639133,773,4,2,1,0,0
15799653,583,7,2,1,1,0
15723872,589,10,2,0,1,0
15775627,509,8,2,0,1,0
15630704,612,9,2,1,0,0
15815534,505,0,1,1,1,0
15697249,546,3,1,1,0,0
15681316,681,0,2,1,0,0
15682523,762,1,1,1,1,0
15650244,786,7,2,1,0,0
15648638,629,6,2,1,0,0
15795747,787,7,1,0,1,0
15607330,713,0,1,0,1,0
15624013,541,6,1,1,0,0
15800805,451,7,1,0,1,0
15667321,644,10,2,1,1,0
15601116,686,6,2,1,1,0
15622033,847,3,4,1,0,1
15758451,765,7,1,1,0,0
15688689,678,8,2,1,1,0
15652674,539,0,1,1,1,0
15806327,800,3,2,1,0,0
15649618,799,7,2,0,1,0
15677117,629,6,2,1,1,0
15751445,734,6,2,0,1,0
15749669,542,3,2,1,1,0
15656351,414,3,2,1,1,0
15667438,675,1,1,0,0,1
15682273,683,5,1,1,0,0
15580912,748,5,2,1,1,0
15785183,596,2,2,1,1,0
15705383,642,4,1,1,1,0
15712903,499,3,1,1,1,0
15774285,649,8,1,1,1,0
15583138,739,2,2,1,0,0
15740160,616,1,2,1,1,0
15793425,560,9,1,0,1,0
15749265,427,1,1,1,1,0
15623989,435,3,1,1,0,1
15604832,633,7,1,1,1,0
15584580,443,6,1,0,0,0
15573854,727,5,2,0,1,0
15614847,674,6,1,0,1,0
15679966,661,3,1,1,1,0
15799435,619,1,1,1,0,0
15752186,562,3,2,1,0,0
15705544,633,3,1,0,1,0
15713632,551,5,1,0,0,0
15586523,720,7,1,1,1,1
15609176,688,5,2,0,1,0
15769308,635,9,2,1,0,0
15676810,561,1,2,1,1,0
15634591,850,8,1,1,1,0
15679804,636,5,2,1,1,0
15677764,461,1,2,1,1,0
15571917,771,5,2,1,0,0
15574608,713,8,1,1,1,0
15740868,658,9,1,1,1,0
15702442,586,9,2,1,1,0
15699797,737,8,1,0,0,0
15648047,742,5,2,0,0,0
15766826,824,7,1,1,0,1
15591628,701,9,1,1,0,0
15583857,623,4,2,0,0,0
15752534,744,10,2,1,1,0
15741403,698,1,1,0,0,0
15783589,616,9,2,0,0,0
15598046,662,5,2,1,0,0
15643330,594,2,2,0,1,0
15680405,685,2,2,1,1,0
15728683,742,0,2,0,1,0
15621644,678,6,1,0,1,0
15733032,651,2,2,1,1,0
15608381,585,2,1,1,0,1
15658946,579,10,2,1,0,0
15757912,722,0,1,0,0,0
15645371,613,7,1,1,1,1
15653110,694,8,1,1,0,0
15766355,550,0,3,1,0,1
15585249,741,6,1,1,0,1
15611786,668,9,1,0,1,0
15575486,529,1,2,1,1,0
15780215,636,6,2,1,1,0
15686099,563,1,1,1,0,1
15739042,767,9,2,1,0,0
15815316,644,9,4,1,0,1
15778489,780,9,2,1,1,0
15786389,635,10,2,1,1,0
15601787,641,2,1,0,1,1
15624715,593,2,1,1,1,0
15763093,540,7,2,1,0,0
15572073,663,5,2,1,1,0
15780256,630,9,2,1,1,0
15659305,605,8,1,1,1,0
15638882,710,9,1,1,0,1
15714680,755,5,1,1,1,0
15777217,641,10,2,1,1,0
15739123,737,4,2,1,0,0
15594450,695,9,1,1,0,0
15797751,466,5,1,1,1,1
15691543,558,2,1,1,1,0
15722845,665,1,2,1,1,0
15605804,737,10,2,1,0,0
15702061,654,7,2,1,1,0
15694321,619,3,2,1,0,0
15798749,845,3,2,1,0,0
15720050,727,2,1,1,0,0
15758048,582,2,1,1,1,0
15805681,716,9,1,1,1,0
15802809,660,0,1,1,1,0
15807239,664,7,1,0,0,0
15749093,801,4,2,0,0,0
15689344,615,4,3,0,1,0
15606076,718,7,1,1,1,0
15610090,667,8,2,1,0,0
15693926,670,0,1,1,1,0
15791501,590,8,2,1,1,0
15621870,739,8,1,1,0,0
15734711,373,7,1,1,0,1
15814405,418,9,1,1,1,1
15729359,837,9,2,1,1,0
15606944,645,9,1,1,0,1
15671934,552,2,1,0,1,0
15641773,580,2,2,1,1,0
15701972,684,3,1,1,1,0
15749114,634,3,2,1,1,0
15780362,607,9,2,1,0,0
15753229,802,9,1,1,1,0
15656009,736,6,1,1,0,0
15785024,629,9,1,1,0,1
15670492,737,8,2,1,0,0
15795458,718,2,1,1,1,0
15732438,561,4,4,0,0,1
15781987,641,9,1,1,1,0
15775826,677,1,1,0,1,0
15807457,641,1,2,1,0,0
15632538,658,5,1,1,1,0
15641389,659,4,2,1,0,1
15657306,567,2,1,0,0,1
15709447,584,0,1,1,0,0
15762682,709,1,2,1,0,0
15626042,690,2,2,1,1,0
15597109,627,1,1,0,1,0
15756148,765,2,1,1,1,0
15665634,645,7,1,1,1,0
15739997,716,2,2,0,1,0
15686242,771,4,1,0,0,1
15759244,687,8,2,1,1,0
15672027,717,10,2,1,0,0
15594576,524,1,1,0,0,0
15707138,679,5,2,1,1,0
15756954,538,2,1,1,1,0
15619130,752,5,2,1,1,0
15639665,846,0,2,1,1,0
15571065,532,0,2,1,0,0
15686060,670,9,1,1,0,1
15615753,597,8,1,1,1,0
15800961,627,1,2,0,1,0
15763065,700,2,2,1,0,0
15672467,766,7,2,0,1,0
15752915,488,2,2,1,1,0
15744695,694,5,1,1,1,0
15584897,639,3,1,0,0,0
15601857,705,4,1,0,0,1
15674156,810,3,1,1,1,0
15695465,638,6,1,1,0,0
15792232,595,5,2,0,0,0
15807900,575,7,1,1,1,1
15743760,850,6,2,1,1,0
15652835,419,2,1,0,1,0
15767818,640,10,1,1,0,0
15591150,570,10,2,0,1,0
15734659,640,5,2,1,0,0
15796115,689,4,4,1,0,1
15724648,725,6,1,0,0,0
15737732,751,10,2,1,0,0
15632280,544,9,1,1,0,1
15750407,768,2,2,0,0,0
15795370,648,6,1,1,0,0
15656829,577,6,2,1,0,0
15643794,639,2,1,1,1,0
15798605,686,1,1,1,1,0
15637324,657,7,2,0,1,0
15589589,613,5,1,1,0,0
15778936,701,9,1,1,0,0
15757385,578,8,1,1,0,0
15666200,689,1,2,1,1,0
15683977,687,4,2,1,1,0
15675518,499,1,2,0,0,1
15584812,693,0,2,0,0,0
15752984,737,9,2,1,1,0
15577913,651,8,1,1,1,0
15591980,753,5,2,1,1,0
15598948,523,5,1,0,1,0
15574142,458,2,2,1,1,0
15582903,643,7,2,1,1,0
15733229,638,7,2,0,0,0
15635752,685,4,2,1,1,0
15771000,684,4,3,1,0,0
15804864,670,5,1,1,1,0
15641175,701,3,3,0,0,1
15692226,705,3,1,1,1,0
15584156,593,10,3,0,0,1
15702656,651,1,1,1,0,0
15606552,741,9,2,1,1,0
15687001,596,1,1,1,1,1
15781903,581,2,2,1,1,0
15731951,689,5,1,1,0,1
15580953,544,4,1,0,1,0
15810390,718,1,2,0,1,1
15628274,583,8,2,1,0,0
15615444,663,8,2,1,1,0
15784010,666,2,1,1,0,0
15571586,524,3,1,1,0,1
15748616,599,5,2,1,0,0
15769402,667,7,1,1,1,0
15739248,727,4,2,1,1,0
15603481,689,4,2,1,1,0
15723604,639,6,1,1,0,0
15797822,678,2,1,1,1,0
15665064,523,8,2,1,0,0
15640580,650,9,1,1,0,0
15581089,744,7,2,1,1,0
15728605,697,4,2,0,1,0
15737385,800,6,2,1,0,0
15714789,664,7,1,0,1,0
15786035,740,9,2,1,0,0
15815259,835,2,2,1,1,0
15592716,559,2,1,1,0,1
15734850,676,1,1,1,0,0
15638047,613,9,2,1,0,0
15674573,713,4,1,1,1,0
15694859,751,10,2,1,1,0
15776404,523,8,1,1,1,0
15579345,775,0,1,1,1,0
15690733,608,4,2,0,0,1
15631481,673,8,2,1,1,0
15620988,616,2,2,1,0,0
15571529,650,7,1,1,0,0
15592104,655,5,1,0,0,1
15651900,782,1,1,1,0,1
15596212,781,1,2,0,0,0
15710687,593,0,1,1,0,0
15613787,505,8,1,1,0,0
15599211,707,1,2,1,0,1
15675983,692,3,1,0,1,0
15622370,813,1,1,0,1,0
15656319,850,4,1,1,0,0
15605130,753,6,1,1,1,0
15672574,850,5,1,1,1,0
15659355,671,6,2,1,1,0
15777907,791,3,1,1,1,1
15655171,624,3,1,1,1,0
15619674,649,4,1,1,1,0
15775192,732,4,1,1,0,1
15617657,664,0,1,1,1,0
15688951,789,8,2,0,1,1
15763460,680,10,1,1,0,0
15756992,701,1,2,1,0,0
15617454,684,1,2,0,1,0
15701932,586,6,1,1,1,0
15700813,522,5,2,1,0,0
15645600,739,8,1,1,1,0
15634146,835,2,1,1,1,0
15686743,790,3,2,1,1,0
15698792,671,6,1,0,1,0
15591724,560,5,1,1,0,0
15571281,651,10,1,1,1,0
15661380,682,6,2,0,1,0
15728885,808,0,1,1,1,0
15618950,644,8,2,1,1,0
15609804,688,1,2,1,0,0
15735849,617,2,2,0,1,0
15652948,738,4,1,1,0,0
15618155,663,5,1,1,1,0
15566378,515,5,1,0,1,1
15565879,845,9,2,1,1,0
15792922,639,9,1,1,1,0
15770567,557,3,1,1,1,0
15738042,543,8,2,1,1,0
15714920,585,7,1,1,1,0
15782121,610,2,2,1,0,0
15673180,727,2,2,1,0,0
15660636,540,8,2,1,0,0
15664504,418,7,2,1,1,0
15790322,660,0,1,1,0,0
15739847,850,5,1,1,0,0
15699415,618,6,1,1,0,1
15665521,642,5,2,0,1,0
15682868,850,9,1,1,1,1
15584462,739,9,1,1,0,0
15661708,508,5,2,1,1,0
15584452,667,6,2,0,0,0
15717010,741,5,1,1,1,0
15643828,592,7,2,1,1,0
15733361,651,6,1,1,0,1
15795488,773,2,2,1,0,0
15581551,850,8,1,1,1,0
15632051,550,10,1,1,0,1
15780409,783,6,2,1,0,0
15572767,777,2,2,1,0,0
15590337,659,6,1,1,1,1
15634551,727,3,4,1,0,1
15669290,603,8,1,1,1,0
15621140,644,9,2,1,1,0
15613518,647,6,1,0,1,0
15728043,648,7,2,1,0,0
15570073,721,1,1,1,1,0
15777033,524,7,2,1,1,0
15682454,626,3,2,1,1,0
15758513,569,7,2,1,0,0
15772604,578,1,2,1,0,0
15721715,769,9,1,1,1,0
15688563,694,4,2,1,0,0
15772009,664,5,1,1,1,0
15809585,646,7,2,1,0,0
15593778,779,3,3,1,0,1
15655360,782,5,1,1,0,1
15780909,769,7,1,0,0,1
15757310,655,6,1,1,1,0
15801411,623,4,1,1,0,1
15761706,705,8,1,1,1,0
15658409,686,5,3,1,1,1
15810010,678,6,2,1,0,0
15627027,738,5,2,1,1,0
15624374,703,9,2,0,1,0
15720083,554,1,2,0,1,0
15752294,582,9,4,1,1,1
15743193,644,6,2,1,0,1
15696733,724,4,1,1,0,0
15677522,593,1,2,0,0,0
15643523,710,10,2,1,0,0
15624936,631,8,1,1,1,0
15716085,739,8,1,1,0,1
15641688,644,7,1,0,1,1
15796834,652,7,2,1,1,0
15720123,554,3,2,1,0,0
15604732,483,9,2,0,0,0
15723484,669,1,1,1,0,0
15807120,841,3,1,1,0,1
15810891,662,2,2,0,1,0
15640407,821,0,2,1,1,0
15778838,783,9,1,1,0,0
15709256,850,9,2,1,1,0
15742285,559,6,1,1,1,0
15729019,602,8,1,1,0,0
15608588,563,2,1,1,1,1
15610557,695,7,2,1,1,0
15786418,546,6,1,0,1,0
15653050,719,10,1,1,0,0
15744914,539,1,1,1,0,0
15669611,632,3,1,1,1,0
15594786,772,7,1,1,1,0
15649211,708,8,1,1,0,0
15766066,668,1,1,0,0,0
15772216,738,1,1,0,1,0
15619898,785,5,2,1,1,0
15724543,597,5,2,1,1,0
15755084,531,7,1,1,0,0
15730441,509,10,2,1,1,0
15666767,508,1,1,0,0,0
15690456,749,7,1,0,1,0
15570533,621,7,1,0,1,1
15797692,659,7,1,1,0,0
15603135,634,3,1,0,0,1
15698927,675,7,2,0,1,0
15687363,770,3,2,1,1,0
15733444,736,9,2,0,0,0
15678057,524,10,2,0,0,0
15806918,674,5,1,1,1,0
15638247,700,9,2,1,0,0
15674833,741,1,2,1,0,0
15812534,455,1,3,0,1,0
15586522,608,2,1,1,0,0
15794297,776,1,2,1,0,0
15737025,635,1,3,0,0,1
15615931,746,4,2,0,1,0
15664860,692,3,2,1,0,1
15664539,683,9,1,0,0,0
15583692,591,2,2,1,0,0
15693131,581,3,1,1,1,0
15779973,684,3,1,1,1,0
15620557,561,4,1,0,1,0
15639549,718,4,1,0,0,0
15618750,590,8,1,1,0,0
15796790,573,8,1,1,0,0
15668309,350,0,1,1,1,1
15732437,504,0,2,1,1,1
15665158,813,1,1,0,1,0
15689322,641,3,1,1,0,0
15596624,662,9,2,1,1,0
15601977,497,2,1,0,1,0
15801462,716,8,2,1,1,0
15566139,526,5,1,1,0,0
15791006,760,6,1,1,0,0
15668057,669,6,1,1,0,0
15580805,655,10,2,1,0,0
15658768,547,2,1,0,0,1
15613048,648,5,1,1,1,1
15803654,790,2,1,1,1,0
15662337,744,1,2,0,1,1
15650924,761,4,2,1,1,0
15647203,750,3,1,1,0,0
15682778,680,9,2,1,1,0
15579820,704,6,1,1,0,0
15709354,521,2,2,1,1,0
15728480,452,8,2,1,1,0
15641091,695,5,1,0,0,0
15603111,850,10,1,1,0,1
15679693,625,5,2,0,1,0
15797190,608,7,1,0,0,0
15788025,715,0,2,1,1,0
15646168,834,5,2,1,0,0
15580493,469,1,1,1,0,0
15726720,480,7,1,1,0,1
15735799,527,3,1,1,1,0
15773098,834,5,2,0,0,0
15668971,583,4,2,1,0,0
15603221,696,4,1,0,1,0
15740043,606,5,1,1,1,0
15712264,713,10,2,1,1,0
15751926,821,3,2,1,1,0
15589401,550,4,2,1,0,0
15742019,675,6,2,0,0,0
15660611,748,3,2,1,1,0
15607634,606,9,2,0,1,0
15595036,726,7,1,1,0,0
15745794,547,6,2,1,1,0
15781689,758,5,2,1,0,0
15696054,596,2,1,0,1,0
15752467,720,3,2,1,1,0
15597739,674,3,1,1,0,0
15651336,756,4,2,1,0,0
15636061,649,4,2,1,1,0
15723013,613,7,2,1,1,0
15784148,643,9,2,0,0,0
15578098,600,8,2,1,1,0
15638621,735,1,1,1,0,0
15720924,585,1,1,1,1,0
15566531,724,4,1,0,1,1
15718064,635,2,2,0,0,0
15605067,472,9,2,1,0,0
15655335,590,1,2,1,0,0
15607301,651,8,1,1,1,0
15694628,686,4,2,1,0,0
15607112,606,6,2,0,1,0
15635775,781,3,1,1,0,0
15644280,593,4,1,0,0,0
15708362,793,4,2,1,1,0
15771997,791,10,1,1,0,0
15730579,850,5,1,1,1,0
15728005,698,9,2,1,0,0
15791674,846,10,2,0,1,1
15754599,765,4,2,1,1,0
15693690,574,7,1,1,0,0
15728963,617,10,1,0,0,1
15659710,581,5,2,1,0,0
15658675,710,6,1,0,1,0
15638788,550,8,1,1,1,0
15609735,533,6,2,0,0,1
15771477,779,9,1,0,0,0
15570145,763,2,2,1,0,0
15797149,563,4,2,1,1,0
15636912,678,3,1,1,0,0
15687828,644,5,1,1,1,0
15667424,682,7,2,1,1,0
15759872,625,9,2,1,0,0
15572374,733,1,2,0,1,0
15754926,512,6,2,1,0,0
15687431,642,7,1,1,1,0
15604515,737,10,2,0,0,0
15682839,575,8,1,1,1,0
15624677,543,3,2,0,0,0
15646366,521,8,1,0,1,0
15701768,637,3,2,1,1,0
15623566,714,9,1,1,1,0
15681274,726,2,1,1,1,0
15762573,680,7,2,1,0,0
15706458,812,5,3,1,1,1
15654222,757,3,1,0,1,0
15704053,710,3,2,1,0,1
15724321,516,9,1,0,0,1
15621815,803,6,1,1,0,0
15724876,560,5,1,1,1,0
15696588,679,3,2,1,1,0
15612832,526,7,1,0,0,0
15804295,485,2,2,1,1,0
15712536,625,3,2,1,0,1
15662494,773,7,1,1,1,0
15807728,530,1,1,0,1,1
15764916,616,7,1,0,1,1
15615330,651,10,2,1,1,0
15638487,586,2,1,0,1,0
15627859,607,7,1,1,0,0
15622192,724,3,2,0,1,0
15789413,733,3,2,1,1,0
15583221,667,3,2,1,1,0
15768495,700,8,2,1,1,1
15644103,659,2,1,0,1,0
15741197,710,8,3,1,0,0
15664547,760,7,1,0,0,1
15797293,677,3,2,1,0,0
15572021,798,8,2,1,0,0
15637461,758,7,2,1,0,0
15620577,715,4,2,1,1,0
15609643,752,9,2,0,1,0
15785358,586,8,1,1,1,1
15603883,818,4,2,1,1,0
15782550,490,0,1,1,1,0
15775761,610,5,3,0,0,1
15680201,627,5,2,1,0,1
15767594,533,8,2,1,1,0
15591985,708,8,1,1,1,1
15789339,681,4,1,0,1,0
15781530,690,8,2,1,1,0
15705174,656,7,1,1,1,0
15572114,673,1,1,1,1,0
15804009,806,8,2,1,1,0
15662698,648,7,1,1,1,1
15696047,501,6,1,1,1,0
15701160,556,4,1,1,1,0
15790093,627,2,2,1,0,0
15632143,652,2,1,0,0,0
15736778,807,1,2,1,1,0
15734917,708,8,2,1,0,0
15643903,619,1,1,1,0,0
15569526,601,10,2,0,0,0
15777067,445,2,1,0,1,0
15795511,800,4,1,1,0,0
15610419,554,3,1,1,1,0
15644994,714,4,2,0,1,1
15703707,656,10,1,0,0,0
15659327,520,5,1,1,0,1
15771323,480,5,1,1,1,0
15750549,660,1,2,1,1,0
15698462,532,4,2,1,1,0
15739692,679,1,2,0,0,0
15744041,780,3,1,1,0,0
15700714,747,7,2,1,1,0
15777743,705,3,1,1,1,0
15623143,732,9,2,1,0,0
15712568,515,10,1,1,0,0
15617432,816,9,1,1,1,0
15650424,641,3,1,1,1,1
15728829,509,7,1,1,0,0
15680430,601,4,2,1,0,0
15687626,527,4,2,1,0,1
15609187,455,5,2,0,0,0
15609521,803,4,2,1,1,0
15752626,553,7,1,0,1,0
15571756,724,5,1,1,0,0
15814040,610,1,2,1,1,0
15658211,559,2,2,1,1,0
15742091,825,6,1,1,0,1
15787168,819,8,1,1,1,0
15772363,772,0,1,1,0,0
15659364,685,5,1,0,0,0
15738980,506,2,2,1,0,0
15794236,642,10,2,1,1,0
15721383,627,10,2,1,1,0
15652981,600,2,1,1,1,0
15722731,653,0,1,1,0,1
15640507,762,3,3,1,1,1
15578878,569,3,1,1,1,0
15744295,756,1,1,1,0,0
15776558,673,1,1,0,1,0
15596136,637,9,1,1,1,0
15704597,644,7,1,0,1,0
15648272,658,9,1,1,1,0
15594915,649,8,2,0,1,0
15581115,603,9,1,0,0,0
15763907,820,1,1,1,0,1
15705994,712,10,1,1,0,0
15772421,645,1,1,1,1,0
15711572,705,9,2,1,0,0
15691170,590,10,1,1,1,0
15600106,631,1,2,0,0,0
15745431,604,7,2,1,1,0
15649508,643,8,2,1,0,0
15812611,690,5,2,0,1,0
15619699,558,7,1,1,0,0
15813946,637,1,1,1,0,1
15762762,648,5,1,0,0,0
15629793,652,8,2,1,0,0
15781298,808,3,1,0,1,0
15622658,551,2,1,1,0,0
15658980,711,9,1,1,0,0
15701936,467,10,1,1,0,1
15686917,789,4,2,1,0,0
15807312,602,5,2,0,1,0
15574523,576,1,2,1,1,0
15724200,584,1,1,0,1,0
15738224,593,6,1,1,0,0
15593283,705,1,2,1,1,1
15814690,595,2,1,1,1,1
15807245,699,1,2,1,0,0
15799358,516,6,1,0,1,1
15616172,838,2,2,1,0,0
15777958,587,10,2,1,1,0
15809124,750,5,1,1,1,0
15616367,581,1,1,0,0,1
15687385,484,5,1,1,1,0
15607877,576,8,2,0,1,0
15736327,567,1,2,1,1,0
15746704,638,9,2,1,1,0
15778304,646,0,1,1,1,0
15588456,658,5,1,1,1,0
15664035,590,9,2,1,1,0
15596405,546,7,2,1,1,0
15815097,603,9,2,1,0,0
15762708,619,10,1,1,1,0
15776211,678,6,2,1,1,0
15626012,459,4,1,0,0,0
15792077,671,8,2,1,0,0
15718765,501,6,1,0,0,1
15576615,719,10,1,1,0,0
15752650,681,6,1,1,1,0
15797502,706,2,1,1,1,0
15687329,763,1,2,1,0,1
15779423,716,1,2,1,1,0
15619514,507,3,1,1,0,1
15615430,678,4,1,1,1,1
15716431,775,10,2,1,1,0
15798341,544,8,1,1,1,0
15651958,756,8,2,1,1,0
15726179,757,5,2,1,1,1
15652999,742,1,1,1,1,0
15691950,591,3,2,1,0,0
15632446,667,4,2,0,0,0
15620936,787,4,2,1,1,0
15587640,718,0,1,1,0,0
15782231,521,6,2,1,0,0
15580462,607,1,1,1,1,0
15736371,633,3,2,1,1,0
15648032,588,2,2,0,1,0
15610454,724,9,1,1,1,0
15671358,720,4,2,1,0,0
15747130,521,7,2,0,1,0
15578374,620,7,1,1,0,0
15572182,505,3,3,1,0,1
15770041,728,8,1,0,1,0
15669414,486,9,2,1,0,1
15777054,584,3,1,1,0,0
15621021,687,1,2,1,0,0
15785490,771,3,1,1,1,1
15577695,678,2,1,1,0,0
15686974,751,4,1,0,1,1
15574584,670,8,1,1,1,0
15719541,675,2,2,1,0,0
15646310,684,8,1,1,1,0
15697606,637,10,1,0,0,0
15711489,760,2,1,1,1,0
15670427,662,4,1,1,0,0
15731755,680,10,2,1,0,0
15796370,604,5,1,0,1,0
15598331,764,9,1,1,0,0
15704795,521,6,2,1,1,0
15796764,684,3,3,1,1,1
15589420,795,2,1,1,1,0
15810563,678,8,2,1,1,0
15746569,589,4,1,1,0,1
15811594,660,3,1,1,1,0
15645896,646,6,2,0,1,0
15802909,706,3,1,1,1,0
15797665,730,7,2,1,0,0
15778959,606,10,2,0,1,0
15722532,690,10,1,1,1,0
15784124,645,2,1,1,0,1
15776518,579,4,1,1,1,0
15611247,481,10,2,1,0,0
15721469,492,9,2,0,0,0
15773338,739,2,1,1,1,0
15784042,624,7,1,1,1,1
15776229,682,3,1,0,0,0
15655903,701,6,1,1,1,0
15590177,718,1,1,0,1,0
15568876,496,1,2,1,0,0
15813140,543,5,2,0,1,0
15770516,616,7,2,1,1,0
15755731,635,8,1,0,1,1
15574480,652,1,1,0,0,0
15798084,688,0,2,1,0,0
15673020,678,3,1,0,1,1
15643575,757,1,1,0,0,0
15596811,667,8,1,1,0,0
15786789,725,6,2,1,1,0
15578865,632,5,1,1,1,1
15605672,694,5,1,1,1,0
15603674,803,1,2,1,1,0
15759915,814,6,1,1,0,0
15686219,611,4,2,1,0,0
15696388,755,4,1,1,1,0
15713604,425,9,2,0,1,0
15647800,850,6,1,1,0,0
15813451,677,8,2,1,1,0
15765375,797,8,1,0,0,0
15774586,692,10,1,1,1,1
15603454,735,5,2,0,1,0
15653037,609,1,1,0,1,0
15782475,700,8,2,1,1,0
15593496,526,5,1,0,0,0
15808971,693,9,2,1,1,0
15791972,748,7,2,0,0,0
15676869,657,8,2,0,1,0
15683007,739,5,1,1,0,0
15659495,784,2,1,1,1,0
15703923,744,7,2,1,1,0
15674000,645,10,2,0,1,0
15618171,669,9,2,0,1,0
15732202,615,1,2,1,1,1
15735078,724,1,2,1,1,0
15798615,850,9,1,1,0,0
15638494,625,10,1,1,1,0
15763874,635,8,2,1,1,0
15696355,724,6,1,1,0,0
15655952,550,2,2,1,1,0
15739850,645,6,1,0,1,0
15611338,714,4,2,1,1,0
15707861,520,10,1,1,0,1
15672237,633,1,1,1,0,0
15657771,537,6,1,1,1,0
15677783,764,4,1,1,0,0
15681026,795,9,1,1,1,1
15566543,573,9,2,1,0,0
15594612,702,9,1,0,0,1
15814664,740,2,1,1,0,0
15642785,479,5,2,0,0,0
15690164,627,4,1,0,0,0
15590213,479,4,1,1,1,0
15603794,623,5,1,1,1,0
15733491,512,8,2,0,0,0
15806360,609,6,1,0,1,0
15587133,518,7,2,1,0,0
15721377,833,3,1,0,0,0
15747927,758,4,1,1,0,0
15806455,611,7,2,1,1,0
15695474,583,7,1,1,0,0
15666295,610,1,2,1,0,1
15656062,637,7,1,1,0,0
15579969,683,9,2,1,1,0
15703563,774,9,2,1,0,0
15692664,677,1,1,0,1,0
15719276,741,6,1,0,0,0
15672754,498,3,1,1,1,1
15768163,655,7,1,1,0,1
15656710,613,4,1,0,0,0
15696175,602,7,2,1,1,0
15586914,659,6,2,1,0,0
15581736,673,1,2,0,1,0
15588839,606,8,2,1,1,0
15589329,775,4,2,1,0,0
15605622,841,4,2,1,1,0
15798964,714,3,1,1,0,0
15769959,597,4,1,1,0,1
15657105,726,2,1,1,0,0
15569266,644,7,1,1,0,0
15719294,800,2,2,0,0,0
15606229,771,5,2,1,0,0
15569892,516,10,1,1,1,0
15584532,709,7,1,0,1,1
15682355,772,3,2,1,0,1
15628319,,,,,0,1
